,지역코드,시군구,법정동,유형,용도지역,건물주용도,건축년도,대지면적,건물면적,년,월,일,거래금액,거래유형,중개사소재지,해제사유발생일,해제여부
0,28140,동구,송현동,집합,준공업,제2종근린생활,1997,,26.06,2006,1,1,"1,800",,,,
1,28140,동구,송현동,집합,준공업,판매,1997,,26.06,2006,1,1,"2,150",,,,
2,28140,동구,송현동,집합,준공업,판매,1997,,30,2006,1,1,"3,500",,,,
3,28140,동구,송현동,집합,준공업,제2종근린생활,1997,,26.06,2006,1,9,"1,700",,,,
4,28140,동구,송현동,집합,준공업,판매,1997,,26.06,2006,1,9,"1,700",,,,
5,28140,동구,송현동,집합,준공업,판매,1997,,30,2006,1,9,"3,400",,,,
6,28140,동구,송현동,집합,제2종일반주거,기타,1983,,42.43,2006,1,24,"4,500",,,,
7,28140,동구,화수동,집합,제2종일반주거,제1종근린생활,1971,,38.34,2006,2,8,"2,500",,,,
8,28140,동구,송현동,집합,준공업,판매,1997,,30.68,2006,2,1,"3,900",,,,
9,28140,동구,송현동,집합,준공업,판매,1997,,26.76,2006,2,1,"1,430",,,,
10,28140,동구,송현동,집합,준공업,제2종근린생활,1997,,26.76,2006,2,1,"1,170",,,,
11,28140,동구,송현동,집합,준공업,판매,1997,,30,2006,2,9,"3,800",,,,
12,28140,동구,송현동,집합,준공업,판매,1997,,30.8,2006,2,9,"3,800",,,,
13,28140,동구,송현동,집합,준공업,판매,1997,,26.06,2006,2,9,"1,500",,,,
14,28140,동구,송현동,집합,준공업,판매,1997,,30,2006,2,9,"3,800",,,,
15,28140,동구,송현동,집합,준공업,판매,1997,,26.06,2006,2,9,"1,500",,,,
16,28140,동구,송현동,집합,준공업,제2종근린생활,1997,,26.76,2006,2,9,"1,500",,,,
17,28140,동구,송현동,집합,준공업,제2종근린생활,1997,,26.06,2006,2,9,"1,500",,,,
18,28140,동구,송현동,집합,준공업,제2종근린생활,1997,,26.06,2006,2,9,"1,500",,,,
19,28140,동구,송현동,집합,준공업,판매,1997,,26.76,2006,2,9,"1,500",,,,
20,28140,동구,송현동,집합,준공업,판매,1997,,30,2006,2,11,"3,500",,,,
21,28140,동구,송현동,집합,준공업,제2종근린생활,1997,,26.06,2006,2,11,"1,570",,,,
22,28140,동구,송현동,집합,준공업,판매,1997,,26.06,2006,2,11,"1,700",,,,
23,28140,동구,송현동,집합,준공업,판매,1997,,30,2006,2,13,"2,300",,,,
24,28140,동구,송현동,집합,준공업,제2종근린생활,1997,,26.06,2006,2,13,"2,200",,,,
25,28140,동구,송현동,집합,준공업,판매,1997,,26.06,2006,2,13,"2,200",,,,
26,28140,동구,송현동,집합,준공업,판매,1997,,30,2006,2,14,"3,500",,,,
27,28140,동구,송현동,집합,준공업,제2종근린생활,1997,,26.06,2006,2,14,"1,650",,,,
28,28140,동구,송현동,집합,준공업,판매,1997,,26.06,2006,2,14,"1,700",,,,
29,28140,동구,송현동,집합,준공업,제2종근린생활,1997,,26.06,2006,2,16,"2,000",,,,
30,28140,동구,송현동,집합,준공업,판매,1997,,26.06,2006,2,16,"2,000",,,,
31,28140,동구,송현동,집합,준공업,판매,1997,,30,2006,2,16,"4,000",,,,
32,28140,동구,송현동,집합,준공업,판매,1997,,30,2006,2,20,"9,000",,,,
33,28140,동구,송현동,집합,준공업,제2종근린생활,1997,,26.06,2006,2,20,"3,000",,,,
34,28140,동구,송현동,집합,준공업,판매,1997,,26.06,2006,2,20,"4,500",,,,
35,28140,동구,송현동,집합,제3종일반주거,제2종근린생활,1993,,20.52,2006,2,25,"5,000",,,,
36,28140,동구,송현동,집합,준공업,제2종근린생활,1997,,26.06,2006,2,27,"1,500",,,,
37,28140,동구,송현동,집합,준공업,판매,1997,,26.06,2006,2,27,"1,700",,,,
38,28140,동구,송현동,집합,준공업,판매,1997,,62.8,2006,3,3,"3,800",,,,
39,28140,동구,송현동,집합,준공업,판매,1997,,26.76,2006,3,4,"1,700",,,,
40,28140,동구,송현동,집합,준공업,판매,1997,,30.8,2006,3,4,"3,400",,,,
41,28140,동구,송현동,집합,준공업,제2종근린생활,1997,,26.76,2006,3,4,"1,700",,,,
42,28140,동구,송현동,집합,제3종일반주거,제2종근린생활,2003,,28.08,2006,3,6,"7,800",,,,
43,28140,동구,송현동,집합,준공업,판매,1997,,30,2006,3,10,"3,800",,,,
44,28140,동구,송현동,집합,준공업,제2종근린생활,1997,,26.06,2006,3,10,"1,500",,,,
45,28140,동구,송현동,집합,준공업,판매,1997,,26.06,2006,3,10,"1,500",,,,
46,28140,동구,송현동,집합,준공업,판매,1997,,30,2006,3,10,"3,800",,,,
47,28140,동구,송현동,집합,준공업,판매,1997,,26.06,2006,3,10,"1,500",,,,
48,28140,동구,송현동,일반,일반상업,기타,1972,32,127.83,2006,3,10,"8,600",,,,
49,28140,동구,송현동,집합,준공업,제2종근린생활,1997,,26.06,2006,3,10,"1,500",,,,
50,28140,동구,송현동,집합,준공업,판매,1997,,30,2006,3,13,"3,500",,,,
51,28140,동구,송현동,집합,준공업,판매,1997,,30.4,2006,3,18,"7,000",,,,
52,28140,동구,송현동,집합,준공업,판매,1997,,26.06,2006,3,18,"5,000",,,,
53,28140,동구,송현동,집합,준공업,판매,1997,,30,2006,3,18,"7,000",,,,
54,28140,동구,송현동,집합,준공업,판매,1997,,27.1,2006,3,18,"5,000",,,,
55,28140,동구,송현동,집합,준공업,제2종근린생활,1997,,26.06,2006,3,18,"5,000",,,,
56,28140,동구,송현동,집합,준공업,제2종근린생활,1997,,27.1,2006,3,18,"5,000",,,,
57,28140,동구,송현동,집합,준공업,제2종근린생활,1997,,26.76,2006,3,21,"1,500",,,,
58,28140,동구,송현동,집합,준공업,판매,1997,,26.76,2006,3,21,"2,000",,,,
59,28140,동구,송현동,집합,준공업,판매,1997,,30.68,2006,3,21,"3,000",,,,
60,28140,동구,송현동,집합,준공업,제2종근린생활,1997,,26.06,2006,3,21,"1,500",,,,
61,28140,동구,송현동,집합,준공업,판매,1997,,26.06,2006,3,21,"2,500",,,,
62,28140,동구,송현동,집합,준공업,판매,1997,,30,2006,3,21,"3,500",,,,
63,28140,동구,송현동,집합,준공업,판매,1997,,30.4,2006,3,22,"5,400",,,,
64,28140,동구,송현동,집합,준공업,판매,1997,,27.1,2006,3,22,"4,800",,,,
65,28140,동구,송현동,집합,준공업,제2종근린생활,1997,,27.1,2006,3,22,"4,800",,,,
66,28140,동구,송현동,집합,준공업,판매,1997,,30,2006,3,22,"3,650",,,,
67,28140,동구,송현동,집합,준공업,판매,1997,,26.06,2006,3,22,"3,175",,,,
68,28140,동구,송현동,집합,준공업,제2종근린생활,1997,,26.06,2006,3,22,"3,175",,,,
69,28140,동구,송현동,집합,준공업,판매,1997,,26.06,2006,3,23,"1,700",,,,
70,28140,동구,송현동,집합,준공업,제2종근린생활,1997,,26.06,2006,3,23,"1,700",,,,
71,28140,동구,송현동,집합,준공업,판매,1997,,30,2006,3,23,"3,400",,,,
72,28140,동구,송현동,집합,준공업,제2종근린생활,1997,,73.5,2006,3,28,"7,250",,,,
73,28140,동구,송현동,집합,준공업,제2종근린생활,1997,,26.06,2006,3,30,"3,000",,,,
74,28140,동구,송현동,집합,준공업,판매,1997,,30,2006,3,30,"3,300",,,,
75,28140,동구,송현동,집합,준공업,판매,1997,,26.06,2006,3,30,"3,000",,,,
76,28140,동구,송현동,일반,제2종일반주거,제2종근린생활,2005,94,147.97,2006,3,31,"14,000",,,,
77,28140,동구,금곡동,집합,일반상업,제2종근린생활,2003,,65.2,2006,3,3,"16,847",,,,
78,28140,동구,송림동,집합,일반상업,제2종근린생활,2004,,235.16,2006,3,7,"20,300",,,,
79,28140,동구,송림동,일반,일반상업,판매,1968,98,119.66,2006,3,20,"30,500",,,,
80,28140,동구,송현동,집합,준공업,제2종근린생활,1997,,27.1,2006,4,3,"4,000",,,,
81,28140,동구,송현동,집합,준공업,판매,1997,,27.1,2006,4,3,"4,000",,,,
82,28140,동구,송현동,집합,준공업,판매,1997,,30,2006,4,3,"3,300",,,,
83,28140,동구,송현동,집합,준공업,판매,1997,,26.06,2006,4,3,"1,600",,,,
84,28140,동구,송현동,집합,준공업,제2종근린생활,1997,,26.06,2006,4,3,"1,600",,,,
85,28140,동구,송현동,집합,준공업,판매,1997,,33.94,2006,4,3,"1,600",,,,
86,28140,동구,송현동,집합,준공업,제2종근린생활,1997,,33.94,2006,4,3,"1,600",,,,
87,28140,동구,송현동,집합,준공업,판매,1997,,30,2006,4,3,"3,300",,,,
88,28140,동구,송현동,집합,준공업,판매,1997,,30.4,2006,4,3,"4,500",,,,
89,28140,동구,송현동,집합,준공업,판매,1997,,13.03,2006,4,8,"1,500",,,,
90,28140,동구,송현동,집합,준공업,제2종근린생활,1997,,13.03,2006,4,8,"1,500",,,,
91,28140,동구,송현동,집합,준공업,판매,1997,,26.06,2006,4,8,"1,600",,,,
92,28140,동구,송현동,집합,준공업,제2종근린생활,1997,,26.06,2006,4,8,"1,600",,,,
93,28140,동구,송현동,집합,준공업,판매,1997,,15,2006,4,8,"2,500",,,,
94,28140,동구,송현동,집합,준공업,판매,1997,,30.68,2006,4,11,"5,000",,,,
95,28140,동구,송현동,집합,준공업,제2종근린생활,1997,,73.5,2006,4,11,"7,250",,,,
96,28140,동구,송현동,집합,준공업,판매,1997,,26.06,2006,4,13,"1,750",,,,
97,28140,동구,송현동,집합,준공업,제2종근린생활,1997,,26.06,2006,4,13,"1,750",,,,
98,28140,동구,송현동,집합,준공업,판매,1997,,30,2006,4,13,"3,500",,,,
99,28140,동구,송현동,집합,준공업,판매,1997,,26.06,2006,4,14,"2,100",,,,
100,28140,동구,송현동,집합,준공업,제2종근린생활,1997,,26.06,2006,4,14,"2,300",,,,
101,28140,동구,송현동,집합,준공업,판매,1997,,30,2006,4,14,"2,100",,,,
102,28140,동구,송현동,집합,준공업,판매,1997,,176.09,2006,4,15,"30,500",,,,
103,28140,동구,송현동,집합,준공업,판매,1997,,26.06,2006,4,18,"1,500",,,,
104,28140,동구,송현동,집합,준공업,판매,1997,,30,2006,4,18,"3,750",,,,
105,28140,동구,송현동,집합,준공업,제2종근린생활,1997,,26.06,2006,4,18,"1,500",,,,
106,28140,동구,송현동,집합,준공업,제2종근린생활,1997,,26.06,2006,4,27,"2,000",,,,
107,28140,동구,송현동,집합,준공업,판매,1997,,26.06,2006,4,27,"3,000",,,,
108,28140,동구,송현동,집합,제3종일반주거,제1종근린생활,2003,,40,2006,4,27,"28,600",,,,
109,28140,동구,송현동,집합,준공업,판매,1997,,30,2006,4,27,"4,500",,,,
110,28140,동구,송현동,집합,준공업,제2종근린생활,1997,,27.1,2006,4,28,"2,675",,,,
111,28140,동구,송현동,집합,준공업,판매,1997,,27.1,2006,4,28,"2,675",,,,
112,28140,동구,송현동,집합,준공업,판매,1997,,30.4,2006,4,28,"5,350",,,,
113,28140,동구,송현동,집합,준공업,제2종근린생활,1997,,26.06,2006,4,29,"2,500",,,,
114,28140,동구,송현동,집합,준공업,판매,1997,,26.06,2006,4,29,"2,500",,,,
115,28140,동구,송현동,집합,준공업,판매,1997,,30,2006,4,29,"4,000",,,,
116,28140,동구,화평동,일반,제3종일반주거,제2종근린생활,2000,81.8,218.41,2006,4,14,"29,400",,,,
117,28140,동구,금곡동,일반,일반상업,숙박,1956,125.6,200,2006,4,15,"18,300",,,,
118,28140,동구,금곡동,집합,일반상업,제2종근린생활,2003,,154,2006,4,27,"11,566",,,,
119,28140,동구,송림동,집합,준공업,판매,1994,,15.58,2006,4,8,"1,150",,,,
120,28140,동구,송림동,집합,준공업,판매,1994,,13.53,2006,4,8,"1,150",,,,
121,28140,동구,송림동,일반,일반상업,제1종근린생활,1979,200.2,588.05,2006,4,19,"34,000",,,,
122,28140,동구,송림동,일반,일반상업,판매,1958,42,23.14,2006,4,22,"3,950",,,,
123,28140,동구,송현동,집합,준공업,제2종근린생활,1997,,26.76,2006,5,3,"1,500",,,,
124,28140,동구,송현동,집합,준공업,판매,1997,,30.68,2006,5,3,"3,400",,,,
125,28140,동구,송현동,집합,준공업,판매,1997,,26.76,2006,5,3,"1,600",,,,
126,28140,동구,송현동,집합,준공업,판매,1997,,30,2006,5,16,"5,500",,,,
127,28140,동구,송현동,집합,준공업,판매,1997,,26.06,2006,5,16,"2,200",,,,
128,28140,동구,송현동,집합,준공업,제2종근린생활,1997,,26.06,2006,5,16,"2,000",,,,
129,28140,동구,송현동,집합,준공업,제2종근린생활,1997,,26.06,2006,5,16,"2,000",,,,
130,28140,동구,송현동,집합,준공업,판매,1997,,30.8,2006,5,16,"5,500",,,,
131,28140,동구,송현동,집합,준공업,판매,1997,,26.06,2006,5,16,"2,200",,,,
132,28140,동구,송현동,집합,준공업,판매,1997,,26.76,2006,5,23,"4,500",,,,
133,28140,동구,송현동,집합,준공업,제2종근린생활,1997,,26.76,2006,5,23,"4,500",,,,
134,28140,동구,송림동,집합,일반상업,제1종근린생활,2004,,109.6,2006,5,4,"11,000",,,,
135,28140,동구,송림동,집합,준공업,판매,1994,,27.06,2006,5,17,"3,500",,,,
136,28140,동구,송림동,집합,준공업,판매,1994,,31.16,2006,5,17,"8,500",,,,
137,28140,동구,송림동,일반,일반상업,제2종근린생활,1971,32.4,64.85,2006,5,17,"7,000",,,,
138,28140,동구,송림동,집합,준공업,판매,1994,,31.16,2006,5,17,"5,000",,,,
139,28140,동구,송림동,집합,준공업,판매,1994,,31.16,2006,5,19,"5,000",,,,
140,28140,동구,송림동,집합,준공업,판매,1994,,31.16,2006,5,19,"8,500",,,,
141,28140,동구,송림동,집합,준공업,판매,1994,,27.06,2006,5,19,"3,500",,,,
142,28140,동구,송림동,집합,일반상업,제1종근린생활,2004,,150.6,2006,5,25,"18,000",,,,
143,28140,동구,송림동,일반,일반상업,제2종근린생활,1997,219.2,364.8,2006,5,27,"42,000",,,,
144,28140,동구,만석동,일반,제3종일반주거,기타,1975,167.6,199.48,2006,6,28,"18,000",,,,
145,28140,동구,송현동,집합,준공업,판매,1997,,176.09,2006,6,4,"32,000",,,,
146,28140,동구,송현동,집합,준공업,판매,1997,,30.68,2006,6,5,"2,650",,,,
147,28140,동구,송현동,집합,준공업,판매,1997,,26.76,2006,6,5,"2,200",,,,
148,28140,동구,송현동,집합,준공업,제2종근린생활,1997,,26.76,2006,6,5,"2,200",,,,
149,28140,동구,송현동,집합,제3종일반주거,제1종근린생활,2003,,40,2006,6,10,"27,400",,,,
150,28140,동구,송현동,집합,준공업,제2종근린생활,1997,,26.06,2006,6,28,"1,700",,,,
151,28140,동구,송현동,집합,준공업,판매,1997,,26.06,2006,6,28,"1,800",,,,
152,28140,동구,송현동,집합,준공업,판매,1997,,30,2006,6,28,"2,500",,,,
153,28140,동구,창영동,집합,제2종일반주거,제1종근린생활,2006,,6.2,2006,6,15,"3,000",,,,
154,28140,동구,창영동,집합,제2종일반주거,제1종근린생활,2006,,5.4,2006,6,15,"3,000",,,,
155,28140,동구,금곡동,집합,일반상업,제2종근린생활,2003,,154.4,2006,6,28,"11,597",,,,
156,28140,동구,금곡동,집합,일반상업,제2종근린생활,2003,,260.73,2006,6,28,"19,582",,,,
157,28140,동구,송림동,집합,준공업,판매,1994,,32.4,2006,6,2,"6,000",,,,
158,28140,동구,송림동,집합,준공업,판매,1994,,28.4,2006,6,2,"2,600",,,,
159,28140,동구,송림동,집합,준공업,제2종근린생활,1997,,26.06,2006,6,29,"1,250",,,,
160,28140,동구,송림동,집합,준공업,판매,1997,,34.68,2006,6,29,"3,400",,,,
161,28140,동구,송림동,집합,준공업,판매,1997,,26.06,2006,6,29,"2,000",,,,
162,28140,동구,송림동,집합,준공업,판매,1997,,26.06,2006,6,29,"2,000",,,,
163,28140,동구,송림동,집합,준공업,판매,1997,,30,2006,6,29,"3,400",,,,
164,28140,동구,송림동,집합,준공업,제2종근린생활,1997,,26.06,2006,6,29,"1,250",,,,
165,28140,동구,만석동,일반,일반공업,기타,1985,92.6,116.4,2006,7,7,"12,400",,,,
166,28140,동구,화수동,집합,제2종일반주거,제1종근린생활,1971,,38.34,2006,7,27,"2,800",,,,
167,28140,동구,송현동,집합,준공업,기타,1997,,26.06,2006,7,24,"1,600",,,,
168,28140,동구,송현동,집합,준공업,판매,1997,,26.06,2006,7,24,"1,600",,,,
169,28140,동구,송현동,집합,준공업,판매,1997,,30,2006,7,24,"3,300",,,,
170,28140,동구,금곡동,집합,일반상업,제2종근린생활,2003,,65.2,2006,7,3,"14,000",,,,
171,28140,동구,금곡동,집합,제2종일반주거,제1종근린생활,2006,,21,2006,7,13,"5,300",,,,
172,28140,동구,금곡동,집합,제2종일반주거,제1종근린생활,2006,,21,2006,7,13,"5,300",,,,
173,28140,동구,송림동,집합,일반상업,제2종근린생활,2004,,172.62,2006,7,5,"15,600",,,,
174,28140,동구,송림동,집합,준공업,기타,1994,,27.06,2006,7,8,"3,000",,,,
175,28140,동구,송림동,집합,준공업,판매,1994,,31.16,2006,7,8,"5,000",,,,
176,28140,동구,송림동,집합,준공업,판매,1994,,31.16,2006,7,8,"5,000",,,,
177,28140,동구,송림동,집합,준공업,판매,1994,,27.06,2006,7,8,"3,000",,,,
178,28140,동구,송림동,일반,일반상업,제2종근린생활,1967,187.4,159.92,2006,7,18,"56,000",,,,
179,28140,동구,송림동,집합,준공업,제2종근린생활,1994,,28.4,2006,7,28,"2,700",,,,
180,28140,동구,송림동,일반,일반상업,제2종근린생활,1969,84.3,92.56,2006,7,28,"22,000",,,,
181,28140,동구,송현동,집합,준공업,판매,1997,,30.8,2006,8,4,"2,429",,,,
182,28140,동구,송현동,집합,준공업,판매,1997,,26.76,2006,8,4,"2,111",,,,
183,28140,동구,송현동,집합,준공업,판매,1997,,26.76,2006,8,4,"2,111",,,,
184,28140,동구,송현동,집합,준공업,판매,1997,,170.28,2006,8,12,"35,000",,,,
185,28140,동구,송현동,일반,제2종일반주거,제1종근린생활,1981,205,308.93,2006,8,24,"38,500",,,,
186,28140,동구,송현동,집합,준공업,판매,1997,,30,2006,8,25,"5,000",,,,
187,28140,동구,송현동,집합,준공업,판매,1997,,26.06,2006,8,25,"1,400",,,,
188,28140,동구,송현동,집합,준공업,판매,1997,,30,2006,8,25,"5,000",,,,
189,28140,동구,송현동,집합,준공업,판매,1997,,26.06,2006,8,25,"1,600",,,,
190,28140,동구,송현동,집합,준공업,제2종근린생활,1997,,26.06,2006,8,25,"1,600",,,,
191,28140,동구,송현동,집합,준공업,제2종근린생활,1997,,26.06,2006,8,25,"1,400",,,,
192,28140,동구,송현동,집합,준공업,제2종근린생활,1997,,26.06,2006,8,28,"1,275",,,,
193,28140,동구,송현동,집합,준공업,판매,1997,,30,2006,8,28,"3,175",,,,
194,28140,동구,송현동,집합,준공업,판매,1997,,26.06,2006,8,28,"1,900",,,,
195,28140,동구,창영동,집합,제2종일반주거,판매,2006,,41.98,2006,8,25,"5,000",,,,
196,28140,동구,송림동,집합,일반상업,제2종근린생활,2004,,106.86,2006,8,24,"10,500",,,,
197,28140,동구,송림동,집합,준공업,제2종근린생활,1997,,26.06,2006,8,29,"1,400",,,,
198,28140,동구,송림동,집합,준공업,판매,1997,,26.06,2006,8,29,"1,900",,,,
199,28140,동구,송림동,집합,준공업,판매,1997,,30,2006,8,29,"4,800",,,,
200,28140,동구,송현동,집합,준공업,판매,1997,,30,2006,9,5,"3,600",,,,
201,28140,동구,송현동,집합,준공업,판매,1997,,26.06,2006,9,5,"1,600",,,,
202,28140,동구,송현동,집합,준공업,제2종근린생활,1997,,26.06,2006,9,5,"1,500",,,,
203,28140,동구,송현동,집합,준공업,판매,1997,,26.76,2006,9,11,"1,600",,,,
204,28140,동구,송현동,집합,준공업,제2종근린생활,1997,,26.76,2006,9,11,"1,500",,,,
205,28140,동구,송현동,집합,준공업,판매,1997,,30.68,2006,9,11,"3,400",,,,
206,28140,동구,송현동,집합,준공업,판매,1997,,26.06,2006,9,12,"2,700",,,,
207,28140,동구,송현동,집합,준공업,판매,1997,,30,2006,9,12,"4,400",,,,
208,28140,동구,송현동,집합,준공업,판매,1997,,26.06,2006,9,12,"2,700",,,,
209,28140,동구,송현동,집합,준공업,판매,1997,,34.68,2006,9,12,"4,700",,,,
210,28140,동구,송현동,집합,준공업,판매,1997,,26.06,2006,9,12,"2,100",,,,
211,28140,동구,송현동,집합,준공업,판매,1997,,26.06,2006,9,12,"2,100",,,,
212,28140,동구,송현동,집합,준공업,제2종근린생활,1997,,26.76,2006,9,14,"1,700",,,,
213,28140,동구,송현동,집합,준공업,판매,1997,,30.68,2006,9,14,"3,400",,,,
214,28140,동구,송현동,집합,준공업,판매,1997,,26.76,2006,9,14,"1,700",,,,
215,28140,동구,송현동,집합,준공업,판매,1997,,26.06,2006,9,14,"1,700",,,,
216,28140,동구,송현동,집합,준공업,제2종근린생활,1997,,26.06,2006,9,14,"1,700",,,,
217,28140,동구,송현동,집합,준공업,판매,1997,,30,2006,9,14,"3,400",,,,
218,28140,동구,송현동,집합,준공업,판매,1997,,26.06,2006,9,15,"2,000",,,,
219,28140,동구,송현동,집합,준공업,판매,1997,,26.06,2006,9,15,"2,000",,,,
220,28140,동구,송현동,집합,준공업,판매,1997,,30,2006,9,15,"4,500",,,,
221,28140,동구,송현동,집합,준공업,판매,1997,,26.76,2006,9,26,"4,500",,,,
222,28140,동구,송현동,집합,제3종일반주거,기타,1989,,18.8,2006,9,26,"8,200",,,,
223,28140,동구,송현동,집합,준공업,판매,1997,,26.06,2006,9,26,"1,500",,,,
224,28140,동구,송현동,집합,준공업,판매,1997,,26.06,2006,9,26,"2,000",,,,
225,28140,동구,송현동,집합,준공업,판매,1997,,30,2006,9,26,"3,100",,,,
226,28140,동구,송현동,집합,준공업,판매,1997,,26.76,2006,9,26,"5,000",,,,
227,28140,동구,송현동,집합,준공업,판매,1997,,30.68,2006,9,26,"10,000",,,,
228,28140,동구,송현동,집합,준공업,판매,1997,,30,2006,9,28,"3,000",,,,
229,28140,동구,송현동,집합,준공업,판매,1997,,26.06,2006,9,28,"1,700",,,,
230,28140,동구,송현동,집합,준공업,판매,1997,,26.06,2006,9,28,"1,700",,,,
231,28140,동구,송현동,집합,준공업,판매,1997,,26.06,2006,9,29,"1,800",,,,
232,28140,동구,송현동,집합,준공업,판매,1997,,26.06,2006,9,29,"1,800",,,,
233,28140,동구,송현동,집합,준공업,판매,1997,,30,2006,9,29,"3,000",,,,
234,28140,동구,금곡동,집합,일반상업,제1종근린생활,2003,,160,2006,9,27,"15,625",,,,
235,28140,동구,금곡동,집합,일반상업,제1종근린생활,2003,,106.33,2006,9,27,"10,000",,,,
236,28140,동구,송림동,일반,제2종일반주거,기타,1976,92.5,33.06,2006,9,25,"10,500",,,,
237,28140,동구,송림동,집합,준주거,제1종근린생활,1994,,165.51,2006,9,25,"9,500",,,,
238,28140,동구,송림동,집합,준공업,판매,1997,,30.8,2006,9,25,"7,200",,,,
239,28140,동구,송림동,집합,준공업,제2종근린생활,1997,,26.06,2006,9,25,"1,800",,,,
240,28140,동구,송림동,집합,준공업,판매,1997,,26.06,2006,9,25,"3,000",,,,
241,28140,동구,송림동,집합,준주거,제2종근린생활,1994,,173.01,2006,9,25,"10,000",,,,
242,28140,동구,송림동,집합,준공업,판매,1994,,31.16,2006,9,26,"6,000",,,,
243,28140,동구,송림동,집합,준공업,판매,1994,,27.06,2006,9,26,"2,500",,,,
244,28140,동구,송현동,집합,준공업,판매,1997,,30,2006,10,2,"3,300",,,,
245,28140,동구,송현동,집합,준공업,제2종근린생활,1997,,26.06,2006,10,2,"1,600",,,,
246,28140,동구,송현동,집합,준공업,제2종근린생활,1997,,26.06,2006,10,2,"1,500",,,,
247,28140,동구,송현동,집합,준공업,판매,1997,,27.1,2006,10,2,"2,000",,,,
248,28140,동구,송현동,집합,준공업,판매,1997,,26.06,2006,10,2,"2,000",,,,
249,28140,동구,송현동,집합,준공업,판매,1997,,26.06,2006,10,2,"3,000",,,,
250,28140,동구,송현동,집합,준공업,판매,1997,,30,2006,10,2,"5,000",,,,
251,28140,동구,송현동,집합,준공업,판매,1997,,27.1,2006,10,2,"3,000",,,,
252,28140,동구,송현동,집합,준공업,판매,1997,,30.4,2006,10,2,"10,000",,,,
253,28140,동구,송현동,집합,준공업,판매,1997,,26.06,2006,10,2,"1,600",,,,
254,28140,동구,송현동,집합,준공업,판매,1997,,30,2006,10,2,"3,400",,,,
255,28140,동구,송현동,집합,준공업,판매,1997,,26.06,2006,10,2,"1,600",,,,
256,28140,동구,송현동,집합,준공업,판매,1997,,26.06,2006,10,9,"2,150",,,,
257,28140,동구,송현동,집합,준공업,판매,1997,,30,2006,10,9,"3,000",,,,
258,28140,동구,송현동,집합,준공업,판매,1997,,26.06,2006,10,9,"3,000",,,,
259,28140,동구,송현동,집합,준공업,판매,1997,,30,2006,10,9,"2,000",,,,
260,28140,동구,송현동,집합,준공업,판매,1997,,26.06,2006,10,9,"2,150",,,,
261,28140,동구,송현동,집합,준공업,판매,1997,,26.06,2006,10,9,"2,000",,,,
262,28140,동구,송현동,집합,준공업,판매,1997,,170.28,2006,10,10,"38,000",,,,
263,28140,동구,송현동,집합,준공업,판매,1997,,26.06,2006,10,10,"2,400",,,,
264,28140,동구,송현동,집합,준공업,판매,1997,,30,2006,10,10,"4,000",,,,
265,28140,동구,송현동,집합,준공업,판매,1997,,26.06,2006,10,10,"3,500",,,,
266,28140,동구,송현동,집합,준공업,판매,1997,,176.09,2006,10,10,"42,000",,,,
267,28140,동구,송현동,집합,준공업,제2종근린생활,1997,,26.06,2006,10,12,"1,600",,,,
268,28140,동구,송현동,집합,준공업,판매,1997,,30,2006,10,12,"3,350",,,,
269,28140,동구,송현동,집합,준공업,판매,1997,,26.06,2006,10,12,"1,600",,,,
270,28140,동구,송현동,집합,준공업,판매,1997,,170.28,2006,10,18,"20,000",,,,
271,28140,동구,송현동,집합,준공업,제2종근린생활,1997,,27.1,2006,10,27,"2,900",,,,
272,28140,동구,송현동,집합,준공업,판매,1997,,26.06,2006,10,27,"1,700",,,,
273,28140,동구,송현동,집합,준공업,판매,1997,,30,2006,10,27,"3,200",,,,
274,28140,동구,송현동,집합,준공업,제2종근린생활,1997,,26.06,2006,10,27,"1,600",,,,
275,28140,동구,송현동,집합,준공업,판매,1997,,27.1,2006,10,27,"2,900",,,,
276,28140,동구,송현동,집합,준공업,판매,1997,,30.4,2006,10,27,"5,800",,,,
277,28140,동구,송현동,집합,준공업,판매,1997,,26.06,2006,10,31,"1,500",,,,
278,28140,동구,송현동,집합,준공업,판매,1997,,26.06,2006,10,31,"1,500",,,,
279,28140,동구,송현동,집합,준공업,판매,1997,,30,2006,10,31,"3,400",,,,
280,28140,동구,금곡동,집합,제2종일반주거,제1종근린생활,2006,,12.54,2006,10,19,"3,500",,,,
281,28140,동구,금곡동,집합,제2종일반주거,제1종근린생활,2006,,15.4,2006,10,19,"4,400",,,,
282,28140,동구,금곡동,집합,제2종일반주거,제1종근린생활,2006,,15.4,2006,10,19,"4,000",,,,
283,28140,동구,금곡동,집합,제2종일반주거,제1종근린생활,2006,,15.4,2006,10,19,"4,000",,,,
284,28140,동구,금곡동,집합,제2종일반주거,제1종근린생활,2006,,15.4,2006,10,19,"4,400",,,,
285,28140,동구,금곡동,집합,제2종일반주거,제1종근린생활,2006,,15.4,2006,10,19,"4,400",,,,
286,28140,동구,금곡동,집합,제2종일반주거,제1종근린생활,2006,,12.54,2006,10,19,"3,500",,,,
287,28140,동구,금곡동,집합,제2종일반주거,제1종근린생활,2006,,12.54,2006,10,19,"3,500",,,,
288,28140,동구,금곡동,집합,제2종일반주거,제1종근린생활,2006,,12.54,2006,10,19,"3,500",,,,
289,28140,동구,금곡동,집합,제2종일반주거,제1종근린생활,2006,,15.4,2006,10,19,"4,200",,,,
290,28140,동구,금곡동,집합,일반상업,제1종근린생활,2003,,587.6,2006,10,25,"56,325",,,,
291,28140,동구,금곡동,집합,일반상업,제1종근린생활,2003,,320,2006,10,25,"30,675",,,,
292,28140,동구,송림동,집합,준공업,기타,1994,,31.16,2006,10,13,"6,000",,,,
293,28140,동구,송림동,집합,준공업,판매,1994,,27.06,2006,10,13,"1,900",,,,
294,28140,동구,화수동,일반,제2종일반주거,기타,1993,93,187.26,2006,11,10,"10,500",,,,
295,28140,동구,송현동,집합,준공업,판매,1997,,26.76,2006,11,2,"1,800",,,,
296,28140,동구,송현동,집합,준공업,판매,1997,,30.8,2006,11,2,"2,500",,,,
297,28140,동구,송현동,집합,준공업,판매,1997,,26.76,2006,11,2,"1,300",,,,
298,28140,동구,송현동,집합,준공업,판매,1997,,26.06,2006,11,10,"1,500",,,,
299,28140,동구,송현동,집합,준공업,판매,1997,,26.06,2006,11,10,"1,500",,,,
300,28140,동구,송현동,집합,준공업,판매,1997,,30,2006,11,10,"3,400",,,,
301,28140,동구,송현동,집합,준공업,제2종근린생활,1997,,26.06,2006,11,10,"1,675",,,,
302,28140,동구,송현동,집합,준공업,판매,1997,,26.06,2006,11,10,"1,675",,,,
303,28140,동구,송현동,집합,준공업,판매,1997,,30,2006,11,10,"3,350",,,,
304,28140,동구,송현동,집합,준공업,판매,1997,,38.95,2006,11,10,"3,000",,,,
305,28140,동구,송현동,집합,준공업,판매,1997,,26.06,2006,11,14,"2,600",,,,
306,28140,동구,송현동,집합,준공업,판매,1997,,26.06,2006,11,14,"1,800",,,,
307,28140,동구,송현동,집합,준공업,판매,1997,,30,2006,11,14,"4,400",,,,
308,28140,동구,송현동,집합,준공업,판매,1997,,34.68,2006,11,16,"3,400",,,,
309,28140,동구,송현동,집합,준공업,제2종근린생활,1997,,26.06,2006,11,16,"1,500",,,,
310,28140,동구,송현동,집합,준공업,판매,1997,,26.06,2006,11,16,"1,600",,,,
311,28140,동구,송현동,집합,준공업,제2종근린생활,1997,,26.06,2006,11,18,"2,125",,,,
312,28140,동구,송현동,집합,준공업,판매,1997,,26.06,2006,11,18,"2,125",,,,
313,28140,동구,송현동,집합,준공업,판매,1997,,30,2006,11,18,"4,250",,,,
314,28140,동구,송현동,집합,준공업,판매,1997,,30,2006,11,23,"2,600",,,,
315,28140,동구,송현동,집합,준공업,판매,1997,,26.06,2006,11,23,"1,950",,,,
316,28140,동구,송현동,집합,준공업,판매,1997,,26.06,2006,11,23,"1,950",,,,
317,28140,동구,송현동,집합,제3종일반주거,제1종근린생활,2003,,28.08,2006,11,28,"14,000",,,,
318,28140,동구,송현동,집합,준공업,판매,1997,,73.5,2006,11,30,"9,500",,,,
319,28140,동구,화평동,일반,제3종일반주거,제1종근린생활,1985,266.1,481.32,2006,11,1,"38,000",,,,
320,28140,동구,창영동,집합,제2종일반주거,제1종근린생활,2006,,5.29,2006,11,20,"2,500",,,,
321,28140,동구,창영동,집합,제2종일반주거,제1종근린생활,2006,,10.26,2006,11,20,"3,300",,,,
322,28140,동구,창영동,집합,제2종일반주거,제1종근린생활,2006,,10.26,2006,11,20,"3,300",,,,
323,28140,동구,금곡동,집합,일반상업,제1종근린생활,2003,,587.6,2006,11,23,"57,000",,,,
324,28140,동구,금곡동,집합,일반상업,제1종근린생활,2003,,320,2006,11,23,"30,000",,,,
325,28140,동구,송림동,일반,일반공업,기타,1995,203,662.5,2006,11,7,"60,000",,,,
326,28140,동구,화수동,일반,제3종일반주거,기타,1982,421,727.8,2006,12,10,"68,000",,,,
327,28140,동구,화수동,일반,일반공업,기타,,30,33.06,2006,12,22,"2,000",,,,
328,28140,동구,송현동,집합,준공업,판매,1997,,30,2006,12,6,"3,400",,,,
329,28140,동구,송현동,집합,준공업,제2종근린생활,1997,,26.06,2006,12,6,"1,500",,,,
330,28140,동구,송현동,집합,준공업,판매,1997,,26.06,2006,12,6,"1,600",,,,
331,28140,동구,송현동,집합,준공업,판매,1997,,26.06,2006,12,8,"5,000",,,,
332,28140,동구,송현동,집합,준공업,판매,1997,,30,2006,12,8,"8,000",,,,
333,28140,동구,송현동,집합,준공업,판매,1997,,26.06,2006,12,8,"5,000",,,,
334,28140,동구,송현동,집합,준공업,판매,1997,,26.06,2006,12,8,"5,000",,,,
335,28140,동구,송현동,집합,준공업,판매,1997,,30.8,2006,12,8,"8,000",,,,
336,28140,동구,송현동,집합,준공업,판매,1997,,26.06,2006,12,8,"5,000",,,,
337,28140,동구,송현동,집합,준공업,판매,1997,,26.06,2006,12,13,"2,300",,,,
338,28140,동구,송현동,집합,준공업,판매,1997,,30,2006,12,13,"3,000",,,,
339,28140,동구,송현동,집합,준공업,판매,1997,,26.06,2006,12,13,"2,300",,,,
340,28140,동구,송현동,집합,준공업,판매,1997,,26.06,2006,12,15,"2,400",,,,
341,28140,동구,송현동,집합,준공업,판매,1997,,30,2006,12,15,"4,800",,,,
342,28140,동구,송현동,집합,준공업,제2종근린생활,1997,,26.06,2006,12,15,"2,400",,,,
343,28140,동구,송현동,집합,준공업,제2종근린생활,1997,,26.06,2006,12,15,"2,000",,,,
344,28140,동구,송현동,집합,준공업,판매,1997,,26.06,2006,12,15,"2,500",,,,
345,28140,동구,송현동,집합,준공업,판매,1997,,30,2006,12,15,"5,500",,,,
346,28140,동구,송현동,집합,준공업,판매,1997,,26.06,2006,12,16,"5,000",,,,
347,28140,동구,송현동,집합,준공업,판매,1997,,26.06,2006,12,16,"4,300",,,,
348,28140,동구,송현동,집합,준공업,제2종근린생활,1997,,26.06,2006,12,16,"2,700",,,,
349,28140,동구,송현동,집합,준공업,제2종근린생활,1997,,26.06,2006,12,16,"3,000",,,,
350,28140,동구,송현동,집합,준공업,판매,1997,,30,2006,12,16,"10,500",,,,
351,28140,동구,송현동,집합,준공업,판매,1997,,30,2006,12,19,"12,000",,,,
352,28140,동구,송현동,집합,준공업,판매,1997,,30,2006,12,19,"12,000",,,,
353,28140,동구,송현동,집합,준공업,판매,1997,,26.06,2006,12,19,"5,000",,,,
354,28140,동구,송현동,집합,준공업,판매,1997,,30.68,2006,12,19,"12,000",,,,
355,28140,동구,송현동,집합,준공업,판매,1997,,26.06,2006,12,19,"5,000",,,,
356,28140,동구,송현동,집합,준공업,판매,1997,,30,2006,12,19,"12,000",,,,
357,28140,동구,송현동,집합,준공업,제2종근린생활,1997,,26.76,2006,12,19,"3,000",,,,
358,28140,동구,송현동,집합,준공업,제2종근린생활,1997,,26.06,2006,12,19,"3,000",,,,
359,28140,동구,송현동,집합,준공업,판매,1997,,26.76,2006,12,19,"5,000",,,,
360,28140,동구,송현동,집합,준공업,제2종근린생활,1997,,26.06,2006,12,19,"3,000",,,,
361,28140,동구,송현동,일반,제2종일반주거,기타,1972,36,26.38,2006,12,20,"6,000",,,,
362,28140,동구,송현동,집합,준공업,판매,1997,,27.1,2006,12,21,"3,000",,,,
363,28140,동구,송현동,집합,준공업,판매,1997,,30.4,2006,12,21,"6,700",,,,
364,28140,동구,송현동,집합,준공업,판매,1997,,27.1,2006,12,21,"3,000",,,,
365,28140,동구,송현동,집합,준공업,제2종근린생활,1997,,26.06,2006,12,26,"1,500",,,,
366,28140,동구,송현동,집합,준공업,판매,1997,,30,2006,12,26,"3,600",,,,
367,28140,동구,송현동,집합,준공업,판매,1997,,26.06,2006,12,26,"1,600",,,,
368,28140,동구,창영동,집합,제2종일반주거,제1종근린생활,2006,,8.05,2006,12,29,"3,200",,,,
369,28140,동구,금곡동,집합,일반상업,제2종근린생활,2003,,154,2006,12,1,"18,073",,,,
370,28140,동구,금곡동,집합,일반상업,기타,1988,,253.36,2006,12,15,"18,000",,,,
371,28140,동구,금곡동,일반,일반상업,판매,1988,393.7,1248.55,2006,12,15,"90,000",,,,
372,28140,동구,금곡동,집합,제2종일반주거,제1종근린생활,2006,,21,2006,12,26,"6,200",,,,
373,28140,동구,송림동,집합,준공업,판매,1994,,27.06,2006,12,1,"2,000",,,,
374,28140,동구,송림동,집합,준공업,판매,1994,,31.16,2006,12,1,"6,100",,,,
375,28140,동구,송림동,집합,준공업,판매,1994,,31.16,2006,12,1,"5,000",,,,
376,28140,동구,송림동,집합,준공업,판매,1994,,27.06,2006,12,1,"4,300",,,,
377,28140,동구,송림동,일반,제2종일반주거,기타,1973,136,272.83,2006,12,9,"41,000",,,,
378,28140,동구,송림동,일반,제2종일반주거,제2종근린생활,2004,68.6,79.04,2006,12,9,"15,400",,,,
379,28140,동구,송림동,일반,일반상업,기타,1967,87.3,130.8,2006,12,13,"15,000",,,,
380,28140,동구,송림동,집합,준공업,판매,1994,,28.4,2006,12,20,"4,000",,,,
381,28140,동구,송림동,집합,준공업,판매,1994,,32.4,2006,12,20,"6,000",,,,
382,28140,동구,송림동,일반,일반상업,기타,1967,123.6,107.76,2006,12,21,"20,000",,,,
383,28140,동구,송림동,집합,준공업,판매,1994,,31.16,2006,12,22,"3,500",,,,
384,28140,동구,송림동,집합,준공업,판매,1994,,27.06,2006,12,22,"2,000",,,,
385,28140,동구,송림동,일반,제2종일반주거,기타,1990,426.5,1271.91,2006,12,26,"90,000",,,,
386,28140,동구,송림동,집합,준공업,판매,1994,,27.06,2006,12,28,"2,000",,,,
387,28140,동구,송림동,집합,준공업,판매,1994,,31.16,2006,12,28,"9,000",,,,
388,28140,동구,송림동,일반,제2종일반주거,기타,1983,132.9,87.98,2006,12,29,"13,800",,,,
389,28140,동구,송현동,집합,준공업,판매,1997,,26.06,2007,1,4,"1,600",,,,
390,28140,동구,송현동,집합,준공업,판매,1997,,26.06,2007,1,4,"1,600",,,,
391,28140,동구,송현동,집합,준공업,판매,1997,,34.68,2007,1,4,"3,600",,,,
392,28140,동구,송현동,집합,준공업,판매,1997,,34.68,2007,1,5,"4,200",,,,
393,28140,동구,송현동,집합,준공업,판매,1997,,26.06,2007,1,5,"1,700",,,,
394,28140,동구,송현동,집합,준공업,업무,1997,,26.76,2007,1,5,"1,650",,,,
395,28140,동구,송현동,집합,준공업,판매,1997,,26.76,2007,1,5,"1,650",,,,
396,28140,동구,송현동,집합,준공업,판매,1997,,30.8,2007,1,5,"3,500",,,,
397,28140,동구,송현동,집합,준공업,제2종근린생활,1997,,26.06,2007,1,5,"1,100",,,,
398,28140,동구,송현동,집합,준공업,판매,1997,,26.06,2007,1,11,"1,600",,,,
399,28140,동구,송현동,집합,준공업,제2종근린생활,1997,,26.06,2007,1,11,"1,500",,,,
400,28140,동구,송현동,집합,준공업,판매,1997,,30,2007,1,11,"3,400",,,,
401,28140,동구,송현동,집합,준공업,판매,1997,,26.06,2007,1,13,"2,000",,,,
402,28140,동구,송현동,집합,준공업,판매,1997,,30,2007,1,13,"3,300",,,,
403,28140,동구,송현동,집합,준공업,제2종근린생활,1997,,26.06,2007,1,13,"1,500",,,,
404,28140,동구,송현동,집합,준공업,제2종근린생활,1997,,26.06,2007,1,15,"1,900",,,,
405,28140,동구,송현동,집합,준공업,판매,1997,,30,2007,1,15,"5,800",,,,
406,28140,동구,송현동,집합,준공업,판매,1997,,26.06,2007,1,15,"2,000",,,,
407,28140,동구,송현동,집합,준공업,판매,1997,,26.06,2007,1,15,"2,000",,,,
408,28140,동구,송현동,집합,준공업,판매,1997,,34.68,2007,1,15,"5,800",,,,
409,28140,동구,송현동,집합,준공업,제2종근린생활,1997,,26.06,2007,1,15,"1,950",,,,
410,28140,동구,송현동,집합,준공업,제2종근린생활,1997,,26.06,2007,1,18,"1,300",,,,
411,28140,동구,송현동,집합,준공업,판매,1997,,30,2007,1,18,"4,000",,,,
412,28140,동구,송현동,집합,준공업,판매,1997,,26.06,2007,1,18,"1,700",,,,
413,28140,동구,송현동,집합,준공업,제2종근린생활,1997,,33.94,2007,1,19,"1,400",,,,
414,28140,동구,송현동,집합,준공업,판매,1997,,33.94,2007,1,19,"1,800",,,,
415,28140,동구,송현동,집합,준공업,판매,1997,,30,2007,1,19,"4,200",,,,
416,28140,동구,송현동,집합,준공업,제2종근린생활,1997,,26.06,2007,1,24,"1,600",,,,
417,28140,동구,송현동,집합,준공업,판매,1997,,26.06,2007,1,24,"1,700",,,,
418,28140,동구,송현동,집합,준공업,판매,1997,,30,2007,1,24,"3,700",,,,
419,28140,동구,송현동,집합,준공업,제2종근린생활,1997,,26.06,2007,1,24,"1,600",,,,
420,28140,동구,송현동,집합,준공업,판매,1997,,30,2007,1,24,"3,700",,,,
421,28140,동구,송현동,집합,준공업,판매,1997,,26.06,2007,1,24,"1,700",,,,
422,28140,동구,송현동,집합,준공업,판매,1997,,26.06,2007,1,25,"2,000",,,,
423,28140,동구,송현동,집합,준공업,판매,1997,,26.06,2007,1,25,"2,000",,,,
424,28140,동구,송현동,집합,준공업,판매,1997,,30,2007,1,25,"2,950",,,,
425,28140,동구,송현동,집합,준공업,판매,1997,,30,2007,1,26,"2,500",,,,
426,28140,동구,송현동,집합,준공업,판매,1997,,26.06,2007,1,26,"2,400",,,,
427,28140,동구,송현동,집합,준공업,판매,1997,,30.68,2007,1,26,"5,700",,,,
428,28140,동구,송현동,집합,준공업,판매,1997,,26.76,2007,1,26,"1,900",,,,
429,28140,동구,송현동,집합,준공업,제2종근린생활,1997,,26.76,2007,1,26,"1,900",,,,
430,28140,동구,송현동,집합,준공업,판매,1997,,26.06,2007,1,26,"2,400",,,,
431,28140,동구,금곡동,집합,제2종일반주거,제1종근린생활,2006,,21,2007,1,22,"6,200",,,,
432,28140,동구,송림동,집합,준공업,제1종근린생활,1994,,99.4,2007,1,8,"4,800",,,,
433,28140,동구,송림동,일반,일반상업,제2종근린생활,2002,125.8,153.3,2007,1,10,"36,000",,,,
434,28140,동구,송림동,집합,일반상업,제2종근린생활,2004,,56.17,2007,1,12,"50,000",,,,
435,28140,동구,송림동,집합,준주거,제1종근린생활,2004,,30.38,2007,1,20,"6,150",,,,
436,28140,동구,송림동,일반,일반상업,제2종근린생활,1994,252.9,762.07,2007,1,22,"51,314",,,,
437,28140,동구,송림동,집합,준공업,판매,1994,,31.16,2007,1,30,"5,500",,,,
438,28140,동구,송림동,집합,준공업,판매,1994,,27.06,2007,1,30,"5,500",,,,
439,28140,동구,만석동,일반,제3종일반주거,기타,1982,157,174.34,2007,2,2,"14,750",,,,
440,28140,동구,송현동,집합,준공업,판매,1997,,26.76,2007,2,6,"2,000",,,,
441,28140,동구,송현동,집합,준공업,판매,1997,,26.76,2007,2,6,"2,200",,,,
442,28140,동구,송현동,집합,준공업,판매,1997,,30.68,2007,2,6,"2,800",,,,
443,28140,동구,송현동,집합,준공업,판매,1997,,30,2007,2,6,"3,800",,,,
444,28140,동구,송현동,집합,준공업,판매,1997,,26.06,2007,2,6,"1,800",,,,
445,28140,동구,송현동,집합,준공업,판매,1997,,26.06,2007,2,6,"1,800",,,,
446,28140,동구,송현동,집합,준공업,판매,1997,,26.06,2007,2,8,"2,500",,,,
447,28140,동구,송현동,집합,준공업,판매,1997,,26.06,2007,2,8,"2,500",,,,
448,28140,동구,송현동,집합,준공업,판매,1997,,26.06,2007,2,8,"2,500",,,,
449,28140,동구,송현동,집합,준공업,판매,1997,,26.06,2007,2,8,"2,500",,,,
450,28140,동구,송현동,집합,준공업,판매,1997,,30,2007,2,8,"14,700",,,,
451,28140,동구,송현동,집합,준공업,판매,1997,,30,2007,2,8,"14,700",,,,
452,28140,동구,송현동,집합,준공업,판매,1997,,26.76,2007,2,13,"2,000",,,,
453,28140,동구,송현동,집합,준공업,판매,1997,,26.76,2007,2,13,"2,000",,,,
454,28140,동구,송현동,집합,준공업,판매,1997,,30.68,2007,2,13,"3,000",,,,
455,28140,동구,송현동,집합,제3종일반주거,판매,1989,,27.06,2007,2,13,"6,443",,,,
456,28140,동구,송현동,집합,제3종일반주거,판매,1989,,33,2007,2,13,"7,857",,,,
457,28140,동구,송현동,집합,준공업,판매,1997,,26.06,2007,2,22,"2,750",,,,
458,28140,동구,송현동,집합,준공업,판매,1997,,30,2007,2,22,"4,200",,,,
459,28140,동구,송현동,집합,준공업,기타,1997,,26.06,2007,2,22,"2,750",,,,
460,28140,동구,송현동,집합,준공업,판매,1997,,30.8,2007,2,23,"3,000",,,,
461,28140,동구,송현동,집합,준공업,판매,1997,,26.76,2007,2,23,"2,000",,,,
462,28140,동구,송현동,집합,준공업,제2종근린생활,1997,,26.06,2007,2,23,"1,875",,,,
463,28140,동구,송현동,집합,준공업,판매,1997,,26.06,2007,2,23,"1,875",,,,
464,28140,동구,송현동,집합,준공업,제2종근린생활,1997,,26.76,2007,2,23,"2,000",,,,
465,28140,동구,송현동,집합,준공업,판매,1997,,30,2007,2,23,"3,750",,,,
466,28140,동구,송현동,집합,준공업,판매,1997,,26.06,2007,2,28,"2,300",,,,
467,28140,동구,송현동,집합,준공업,판매,1997,,30,2007,2,28,"3,000",,,,
468,28140,동구,송현동,집합,준공업,제2종근린생활,1997,,26.06,2007,2,28,"2,000",,,,
469,28140,동구,창영동,집합,제2종일반주거,제1종근린생활,2006,,10.26,2007,2,5,"3,600",,,,
470,28140,동구,금곡동,집합,일반상업,기타,2003,,160,2007,2,28,"18,402",,,,
471,28140,동구,금곡동,집합,일반상업,기타,2003,,160,2007,2,28,"18,402",,,,
472,28140,동구,금곡동,집합,일반상업,기타,2003,,160,2007,2,28,"18,402",,,,
473,28140,동구,금곡동,집합,일반상업,기타,2003,,106.33,2007,2,28,"12,228",,,,
474,28140,동구,금곡동,집합,일반상업,기타,2003,,154.4,2007,2,28,"17,758",,,,
475,28140,동구,금곡동,집합,일반상업,기타,2003,,124.4,2007,2,28,"14,306",,,,
476,28140,동구,송림동,일반,제2종일반주거,기타,1986,90.6,120.24,2007,2,15,"17,500",,,,
477,28140,동구,송현동,집합,준공업,판매,1997,,26.06,2007,3,1,"2,025",,,,
478,28140,동구,송현동,집합,준공업,판매,1997,,26.06,2007,3,1,"2,025",,,,
479,28140,동구,송현동,집합,준공업,제2종근린생활,1997,,26.06,2007,3,1,"2,000",,,,
480,28140,동구,송현동,집합,준공업,판매,1997,,34.68,2007,3,1,"3,000",,,,
481,28140,동구,송현동,집합,준공업,판매,1997,,26.06,2007,3,1,"2,025",,,,
482,28140,동구,송현동,집합,준공업,판매,1997,,26.06,2007,3,1,"2,025",,,,
483,28140,동구,송현동,집합,준공업,판매,1997,,27.1,2007,3,1,"3,700",,,,
484,28140,동구,송현동,집합,준공업,판매,1997,,30,2007,3,1,"4,400",,,,
485,28140,동구,송현동,집합,준공업,판매,1997,,30,2007,3,1,"4,400",,,,
486,28140,동구,송현동,집합,준공업,판매,1997,,27.1,2007,3,1,"3,700",,,,
487,28140,동구,송현동,집합,준공업,판매,1997,,30.4,2007,3,1,"4,700",,,,
488,28140,동구,송현동,집합,준공업,판매,1997,,26.06,2007,3,1,"2,000",,,,
489,28140,동구,송현동,집합,준공업,판매,1997,,26.06,2007,3,2,"2,100",,,,
490,28140,동구,송현동,집합,준공업,판매,1997,,30,2007,3,2,"5,000",,,,
491,28140,동구,송현동,집합,준공업,제2종근린생활,1997,,26.06,2007,3,2,"2,000",,,,
492,28140,동구,송현동,집합,준공업,판매,1997,,30,2007,3,5,"3,300",,,,
493,28140,동구,송현동,집합,준공업,판매,1997,,26.06,2007,3,5,"1,980",,,,
494,28140,동구,송현동,집합,준공업,제2종근린생활,1997,,26.06,2007,3,5,"1,320",,,,
495,28140,동구,송현동,집합,준공업,판매,1997,,26.06,2007,3,6,"2,200",,,,
496,28140,동구,송현동,집합,준공업,판매,1997,,26.06,2007,3,6,"2,000",,,,
497,28140,동구,송현동,집합,준공업,판매,1997,,30,2007,3,6,"2,800",,,,
498,28140,동구,송현동,집합,준공업,판매,1997,,30.8,2007,3,20,"4,000",,,,
499,28140,동구,송현동,집합,준공업,제2종근린생활,1997,,26.76,2007,3,20,"1,700",,,,
500,28140,동구,송현동,집합,준공업,판매,1997,,26.76,2007,3,20,"1,800",,,,
501,28140,동구,송현동,집합,준공업,판매,1997,,176.09,2007,3,21,"48,000",,,,
502,28140,동구,송현동,집합,준공업,판매,1997,,133.76,2007,3,26,"25,530",,,,
503,28140,동구,송현동,집합,준공업,판매,1997,,36.52,2007,3,26,"6,970",,,,
504,28140,동구,송현동,집합,준공업,판매,1997,,27.1,2007,3,27,"5,029",,,,
505,28140,동구,송현동,집합,준공업,판매,1997,,30.4,2007,3,27,"5,642",,,,
506,28140,동구,송현동,집합,준공업,제2종근린생활,1997,,27.1,2007,3,27,"5,029",,,,
507,28140,동구,송현동,집합,준공업,판매,1997,,26.76,2007,3,28,"2,500",,,,
508,28140,동구,송현동,집합,준공업,판매,1997,,30.8,2007,3,28,"3,600",,,,
509,28140,동구,송현동,집합,준공업,제2종근린생활,1997,,26.76,2007,3,28,"1,500",,,,
510,28140,동구,송현동,일반,준공업,기타,1997,495.9,476,2007,3,30,"71,000",,,,
511,28140,동구,창영동,집합,제2종일반주거,제1종근린생활,2006,,5.4,2007,3,20,"3,000",,,,
512,28140,동구,금곡동,집합,일반상업,제2종근린생활,2003,,260.73,2007,3,7,"30,000",,,,
513,28140,동구,금곡동,집합,일반상업,기타,2003,,154.4,2007,3,7,"20,000",,,,
514,28140,동구,금곡동,일반,제2종일반주거,제2종근린생활,1984,75.4,117.6,2007,3,27,"16,500",,,,
515,28140,동구,송림동,일반,준주거,숙박,1979,169,271.25,2007,3,20,"25,000",,,,
516,28140,동구,송림동,집합,준주거,제1종근린생활,2007,,24.32,2007,3,25,"6,052",,,,
517,28140,동구,송림동,집합,준주거,제1종근린생활,2007,,24.32,2007,3,26,"6,052",,,,
518,28140,동구,송림동,집합,준주거,제1종근린생활,2007,,20.16,2007,3,29,"5,380",,,,
519,28140,동구,송현동,집합,준공업,제2종근린생활,1997,,26.06,2007,4,3,"2,190",,,,
520,28140,동구,송현동,집합,준공업,판매,1997,,30,2007,4,3,"2,920",,,,
521,28140,동구,송현동,집합,준공업,제2종근린생활,1997,,26.06,2007,4,3,"2,190",,,,
522,28140,동구,송현동,집합,준공업,판매,1997,,26.06,2007,4,3,"2,190",,,,
523,28140,동구,송현동,집합,준공업,판매,1997,,26.06,2007,4,3,"2,190",,,,
524,28140,동구,송현동,집합,준공업,판매,1997,,30,2007,4,3,"2,920",,,,
525,28140,동구,송현동,집합,준공업,판매,1997,,78.66,2007,4,4,"12,000",,,,
526,28140,동구,송현동,집합,준공업,판매,1997,,26.06,2007,4,5,"2,000",,,,
527,28140,동구,송현동,집합,준공업,판매,1997,,30,2007,4,5,"5,000",,,,
528,28140,동구,송현동,집합,준공업,제2종근린생활,1997,,26.06,2007,4,5,"2,000",,,,
529,28140,동구,송현동,집합,준공업,제2종근린생활,1997,,26.76,2007,4,7,"1,600",,,,
530,28140,동구,송현동,집합,준공업,판매,1997,,26.76,2007,4,7,"1,800",,,,
531,28140,동구,송현동,집합,준공업,판매,1997,,30.68,2007,4,7,"4,000",,,,
532,28140,동구,송현동,집합,준공업,판매,1997,,26.06,2007,4,9,"3,600",,,,
533,28140,동구,송현동,집합,준공업,제2종근린생활,1997,,26.06,2007,4,9,"2,000",,,,
534,28140,동구,송현동,집합,준공업,제2종근린생활,1997,,26.06,2007,4,9,"3,600",,,,
535,28140,동구,송현동,집합,준공업,판매,1997,,30,2007,4,9,"3,800",,,,
536,28140,동구,송현동,집합,준공업,판매,1997,,30,2007,4,9,"3,000",,,,
537,28140,동구,송현동,집합,준공업,판매,1997,,26.06,2007,4,9,"2,000",,,,
538,28140,동구,송현동,집합,준공업,판매,1997,,176.09,2007,4,12,"38,000",,,,
539,28140,동구,송현동,집합,준공업,판매,1997,,170.28,2007,4,12,"34,500",,,,
540,28140,동구,송현동,집합,준공업,판매,1997,,30.4,2007,4,15,"5,930",,,,
541,28140,동구,송현동,집합,준공업,제2종근린생활,1997,,27.1,2007,4,15,"5,285",,,,
542,28140,동구,송현동,집합,준공업,판매,1997,,27.1,2007,4,15,"5,285",,,,
543,28140,동구,송현동,집합,준공업,제2종근린생활,1997,,61.5,2007,4,16,"6,200",,,,
544,28140,동구,송현동,집합,준공업,제2종근린생활,1997,,26.06,2007,4,17,"1,775",,,,
545,28140,동구,송현동,집합,준공업,판매,1997,,30,2007,4,17,"4,000",,,,
546,28140,동구,송현동,집합,준공업,판매,1997,,26.06,2007,4,17,"1,775",,,,
547,28140,동구,송현동,집합,준공업,판매,1997,,30,2007,4,18,"10,500",,,,
548,28140,동구,송현동,집합,제3종일반주거,판매,1989,,415.77,2007,4,18,"32,000",,,,
549,28140,동구,송현동,집합,준공업,판매,1997,,26.06,2007,4,18,"4,200",,,,
550,28140,동구,송현동,집합,준공업,제2종근린생활,1997,,26.06,2007,4,18,"3,800",,,,
551,28140,동구,송현동,집합,준공업,제2종근린생활,1997,,26.06,2007,4,19,"2,820",,,,
552,28140,동구,송현동,집합,준공업,제2종근린생활,1997,,26.06,2007,4,19,"2,820",,,,
553,28140,동구,송현동,집합,준공업,판매,1997,,26.06,2007,4,19,"2,820",,,,
554,28140,동구,송현동,집합,준공업,판매,1997,,30,2007,4,19,"3,760",,,,
555,28140,동구,송현동,집합,준공업,판매,1997,,26.06,2007,4,19,"2,820",,,,
556,28140,동구,송현동,집합,준공업,판매,1997,,30,2007,4,19,"3,760",,,,
557,28140,동구,송현동,집합,준공업,제2종근린생활,1997,,26.06,2007,4,20,"1,525",,,,
558,28140,동구,송현동,집합,준공업,판매,1997,,30,2007,4,20,"5,000",,,,
559,28140,동구,송현동,집합,준공업,판매,1997,,26.06,2007,4,20,"1,525",,,,
560,28140,동구,송현동,집합,준공업,판매,1997,,30,2007,4,20,"4,000",,,,
561,28140,동구,송현동,집합,준공업,판매,1997,,51,2007,4,20,"4,300",,,,
562,28140,동구,송현동,집합,준공업,판매,1997,,26.06,2007,4,20,"2,000",,,,
563,28140,동구,송현동,집합,준공업,제2종근린생활,1997,,26.06,2007,4,20,"2,000",,,,
564,28140,동구,송현동,집합,준공업,제2종근린생활,1997,,33.94,2007,4,23,"1,700",,,,
565,28140,동구,송현동,집합,준공업,제2종근린생활,1997,,26.76,2007,4,23,"2,000",,,,
566,28140,동구,송현동,집합,준공업,판매,1997,,30,2007,4,23,"4,000",,,,
567,28140,동구,송현동,집합,준공업,판매,1997,,33.94,2007,4,23,"2,000",,,,
568,28140,동구,송현동,집합,준공업,판매,1997,,26.76,2007,4,23,"2,000",,,,
569,28140,동구,송현동,집합,준공업,판매,1997,,30.68,2007,4,23,"4,500",,,,
570,28140,동구,송현동,집합,준공업,판매,1997,,26.76,2007,4,24,"1,800",,,,
571,28140,동구,송현동,집합,준공업,판매,1997,,33.94,2007,4,24,"1,800",,,,
572,28140,동구,송현동,집합,준공업,제2종근린생활,1997,,26.76,2007,4,24,"1,700",,,,
573,28140,동구,송현동,집합,준공업,제2종근린생활,1997,,33.94,2007,4,24,"1,800",,,,
574,28140,동구,송현동,집합,준공업,판매,1997,,30.68,2007,4,24,"4,000",,,,
575,28140,동구,송현동,집합,준공업,판매,1997,,30,2007,4,24,"4,000",,,,
576,28140,동구,송현동,집합,준공업,판매,1997,,26.76,2007,4,27,"1,900",,,,
577,28140,동구,송현동,집합,준공업,판매,1997,,30.68,2007,4,27,"4,100",,,,
578,28140,동구,송현동,집합,준공업,제2종근린생활,1997,,26.76,2007,4,27,"1,700",,,,
579,28140,동구,송현동,집합,준공업,제2종근린생활,1997,,26.06,2007,4,27,"4,000",,,,
580,28140,동구,송현동,집합,준공업,판매,1997,,30,2007,4,27,"5,000",,,,
581,28140,동구,송현동,집합,준공업,판매,1997,,170.28,2007,4,27,"33,500",,,,
582,28140,동구,송현동,집합,준공업,판매,1997,,170.28,2007,4,27,"33,500",,,,
583,28140,동구,송현동,집합,준공업,판매,1997,,26.06,2007,4,27,"4,000",,,,
584,28140,동구,송현동,집합,준공업,판매,1997,,170.28,2007,4,27,"33,500",,,,
585,28140,동구,송현동,집합,준공업,제2종근린생활,1997,,27.1,2007,4,30,"3,440",,,,
586,28140,동구,송현동,집합,준공업,판매,1997,,30.4,2007,4,30,"3,870",,,,
587,28140,동구,송현동,집합,준공업,판매,1997,,27.1,2007,4,30,"3,440",,,,
588,28140,동구,송현동,집합,준공업,판매,1997,,30,2007,4,30,"3,870",,,,
589,28140,동구,송현동,집합,준공업,판매,1997,,26.06,2007,4,30,"3,440",,,,
590,28140,동구,송현동,집합,준공업,판매,1997,,26.06,2007,4,30,"3,440",,,,
591,28140,동구,화평동,집합,일반상업,기타,1996,,9,2007,4,9,"1,680",,,,
592,28140,동구,금곡동,일반,일반상업,제1종근린생활,1978,6.6,38.54,2007,4,30,650,,,,
593,28140,동구,송림동,집합,준공업,기타,1994,,27.06,2007,4,10,"2,700",,,,
594,28140,동구,송림동,집합,준공업,기타,1994,,31.16,2007,4,10,"5,000",,,,
595,28140,동구,송림동,집합,준공업,판매,1994,,27.06,2007,4,11,"2,500",,,,
596,28140,동구,송림동,집합,준공업,판매,1994,,31.16,2007,4,11,"4,000",,,,
597,28140,동구,송림동,집합,준공업,판매,1994,,27.06,2007,4,11,"1,500",,,,
598,28140,동구,송림동,집합,준공업,판매,1994,,31.16,2007,4,11,"6,500",,,,
599,28140,동구,송림동,집합,준공업,판매,1994,,27.06,2007,4,11,"2,300",,,,
600,28140,동구,송림동,집합,준공업,제2종근린생활,1995,,55.9,2007,4,20,"20,500",,,,
601,28140,동구,송림동,집합,준공업,제2종근린생활,1995,,13.11,2007,4,20,"4,100",,,,
602,28140,동구,송림동,집합,준공업,기타,1995,,49.45,2007,4,20,"8,200",,,,
603,28140,동구,송림동,집합,준공업,기타,1995,,18.63,2007,4,23,"3,000",,,,
604,28140,동구,송림동,집합,준공업,기타,1995,,16.48,2007,4,23,"1,000",,,,
605,28140,동구,송림동,집합,준주거,기타,1994,,165.51,2007,4,25,"10,500",,,,
606,28140,동구,송림동,일반,일반상업,기타,1971,27.8,39.66,2007,4,25,"10,000",,,,
607,28140,동구,송림동,일반,일반상업,기타,1989,533.6,1204.53,2007,4,25,"70,000",,,,
608,28140,동구,송림동,일반,일반상업,기타,1971,33.1,39.66,2007,4,25,"8,000",,,,
609,28140,동구,송림동,일반,제2종일반주거,기타,1956,45.6,70.41,2007,4,28,"8,500",,,,
610,28140,동구,만석동,일반,제3종일반주거,제2종근린생활,2003,46.3,64.26,2007,5,16,"9,500",,,,
611,28140,동구,화수동,집합,제2종일반주거,제1종근린생활,1990,,23.52,2007,5,31,"4,500",,,,
612,28140,동구,송현동,일반,제2종일반주거,기타,1984,90,97.87,2007,5,3,"12,150",,,,
613,28140,동구,송현동,집합,준공업,판매,1997,,30,2007,5,10,"4,000",,,,
614,28140,동구,송현동,집합,준공업,제2종근린생활,1997,,26.06,2007,5,10,"2,000",,,,
615,28140,동구,송현동,집합,준공업,판매,1997,,26.06,2007,5,10,"2,000",,,,
616,28140,동구,송현동,집합,준공업,판매,1997,,73.5,2007,5,15,"7,500",,,,
617,28140,동구,송현동,집합,준공업,판매,1997,,26.06,2007,5,15,"1,800",,,,
618,28140,동구,송현동,집합,준공업,업무,1997,,26.06,2007,5,15,"1,800",,,,
619,28140,동구,송현동,집합,준공업,판매,1997,,30,2007,5,15,"3,700",,,,
620,28140,동구,송현동,집합,제3종일반주거,제1종근린생활,2004,,202.34,2007,5,16,"11,800",,,,
621,28140,동구,송현동,집합,준공업,판매,1997,,73.03,2007,5,30,"13,000",,,,
622,28140,동구,송현동,집합,준공업,판매,1997,,26.06,2007,5,31,"2,500",,,,
623,28140,동구,송림동,집합,준공업,제2종근린생활,1995,,55.9,2007,5,7,"3,000",,,,
624,28140,동구,송림동,일반,일반상업,기타,1971,33.7,59.49,2007,5,11,"7,000",,,,
625,28140,동구,송림동,집합,준공업,판매,1994,,27.06,2007,5,11,"1,200",,,,
626,28140,동구,송림동,집합,준공업,판매,1994,,31.16,2007,5,11,"4,000",,,,
627,28140,동구,화수동,집합,제2종일반주거,제1종근린생활,1990,,26.4,2007,6,4,"9,740",,,,
628,28140,동구,화수동,집합,제2종일반주거,기타,1990,,26.4,2007,6,26,"4,390",,,,
629,28140,동구,송현동,집합,준공업,판매,1997,,30,2007,6,1,"4,300",,,,
630,28140,동구,송현동,집합,준공업,제2종근린생활,1997,,26.06,2007,6,1,"2,000",,,,
631,28140,동구,송현동,집합,준공업,판매,1997,,26.06,2007,6,1,"2,200",,,,
632,28140,동구,송현동,집합,준공업,판매,1997,,61.5,2007,6,11,"12,600",,,,
633,28140,동구,송현동,집합,준공업,제2종근린생활,1997,,26.06,2007,6,13,"1,600",,,,
634,28140,동구,송현동,집합,준공업,판매,1997,,26.06,2007,6,13,"1,900",,,,
635,28140,동구,송현동,집합,준공업,판매,1997,,30,2007,6,13,"4,000",,,,
636,28140,동구,송현동,집합,준공업,제2종근린생활,1997,,26.76,2007,6,15,"1,800",,,,
637,28140,동구,송현동,집합,준공업,제2종근린생활,1997,,26.06,2007,6,15,"2,000",,,,
638,28140,동구,송현동,집합,준공업,판매,1997,,26.06,2007,6,15,"2,000",,,,
639,28140,동구,송현동,집합,준공업,판매,1997,,30,2007,6,15,"4,000",,,,
640,28140,동구,송현동,집합,준공업,판매,1997,,30.68,2007,6,15,"3,600",,,,
641,28140,동구,송현동,집합,준공업,판매,1997,,26.76,2007,6,15,"1,800",,,,
642,28140,동구,송현동,집합,준공업,판매,1997,,30,2007,6,15,"4,000",,,,
643,28140,동구,송현동,집합,준공업,판매,1997,,26.06,2007,6,15,"2,000",,,,
644,28140,동구,송현동,집합,준공업,제2종근린생활,1997,,26.06,2007,6,15,"2,000",,,,
645,28140,동구,송현동,집합,준공업,제2종근린생활,1997,,26.76,2007,6,20,"1,800",,,,
646,28140,동구,송현동,집합,준공업,판매,1997,,71.4,2007,6,20,"6,800",,,,
647,28140,동구,송현동,집합,준공업,판매,1997,,26.76,2007,6,20,"1,800",,,,
648,28140,동구,송현동,집합,준공업,판매,1997,,30.68,2007,6,20,"4,100",,,,
649,28140,동구,송현동,집합,준공업,판매,1997,,51,2007,6,20,"5,000",,,,
650,28140,동구,송현동,집합,준공업,판매,1997,,73.5,2007,6,25,"8,000",,,,
651,28140,동구,송현동,집합,준공업,판매,1997,,26.76,2007,6,27,"2,167",,,,
652,28140,동구,송현동,집합,준공업,제2종근린생활,1997,,26.06,2007,6,27,"2,167",,,,
653,28140,동구,송현동,집합,준공업,판매,1997,,26.76,2007,6,27,"2,167",,,,
654,28140,동구,송현동,집합,준공업,판매,1997,,30.68,2007,6,27,"2,167",,,,
655,28140,동구,송현동,집합,준공업,교육연구,1997,,51,2007,6,27,"4,700",,,,
656,28140,동구,송현동,집합,준공업,판매,1997,,26.06,2007,6,27,"2,167",,,,
657,28140,동구,송현동,집합,준공업,판매,1997,,30,2007,6,27,"2,167",,,,
658,28140,동구,송현동,집합,준공업,판매,1997,,26.06,2007,6,30,"1,440",,,,
659,28140,동구,송현동,집합,준공업,판매,1997,,30,2007,6,30,"4,320",,,,
660,28140,동구,송현동,집합,준공업,제2종근린생활,1997,,26.06,2007,6,30,"1,440",,,,
661,28140,동구,창영동,집합,제2종일반주거,제1종근린생활,2006,,7.82,2007,6,15,"2,700",,,,
662,28140,동구,송림동,집합,준공업,판매,1994,,27.06,2007,6,15,"4,200",,,,
663,28140,동구,송림동,집합,준공업,판매,1994,,31.16,2007,6,15,"7,000",,,,
664,28140,동구,송림동,집합,준공업,업무,1997,,26.76,2007,6,19,"1,700",,,,
665,28140,동구,송림동,집합,준공업,판매,1997,,30.8,2007,6,19,"3,600",,,,
666,28140,동구,송림동,집합,준공업,판매,1997,,26.76,2007,6,19,"1,700",,,,
667,28140,동구,송림동,일반,일반상업,기타,1997,89.3,190.92,2007,6,28,"20,000",,,,
668,28140,동구,화수동,집합,제2종일반주거,제1종근린생활,1971,,19.16,2007,7,2,"1,650",,,,
669,28140,동구,화수동,집합,제2종일반주거,제1종근린생활,1971,,19.16,2007,7,2,"1,650",,,,
670,28140,동구,화수동,일반,제3종일반주거,기타,1989,101,134.46,2007,7,12,"13,000",,,,
671,28140,동구,송현동,집합,준공업,판매,1997,,32.02,2007,7,3,"5,300",,,,
672,28140,동구,송현동,집합,준공업,판매,1997,,61.2,2007,7,6,"12,400",,,,
673,28140,동구,송현동,집합,준공업,판매,1997,,30,2007,7,7,"5,000",,,,
674,28140,동구,송현동,집합,준공업,판매,1997,,26.06,2007,7,7,"2,200",,,,
675,28140,동구,송현동,집합,준공업,판매,1997,,30,2007,7,7,"4,500",,,,
676,28140,동구,송현동,집합,준공업,판매,1997,,26.06,2007,7,7,"2,000",,,,
677,28140,동구,송현동,집합,준공업,판매,1997,,26.06,2007,7,7,"2,000",,,,
678,28140,동구,송현동,집합,준공업,제2종근린생활,1997,,26.06,2007,7,7,"1,800",,,,
679,28140,동구,송현동,집합,준공업,판매,1997,,26.06,2007,7,10,"1,800",,,,
680,28140,동구,송현동,집합,준공업,판매,1997,,30,2007,7,10,"4,000",,,,
681,28140,동구,송현동,집합,준공업,제2종근린생활,1997,,26.06,2007,7,10,"1,600",,,,
682,28140,동구,송현동,집합,준공업,제2종근린생활,1997,,26.06,2007,7,11,"2,000",,,,
683,28140,동구,송현동,집합,준공업,판매,1997,,30,2007,7,11,"5,000",,,,
684,28140,동구,송현동,집합,준공업,판매,1997,,26.06,2007,7,11,"2,000",,,,
685,28140,동구,송현동,집합,준공업,제2종근린생활,1997,,26.76,2007,7,12,"3,800",,,,
686,28140,동구,송현동,집합,준공업,판매,1997,,26.76,2007,7,12,"4,100",,,,
687,28140,동구,송현동,집합,준공업,판매,1997,,30.68,2007,7,12,"10,000",,,,
688,28140,동구,송현동,집합,준공업,판매,1997,,26.06,2007,7,13,"1,900",,,,
689,28140,동구,송현동,집합,준공업,판매,1997,,30,2007,7,13,"4,000",,,,
690,28140,동구,송현동,집합,준공업,판매,1997,,26.06,2007,7,13,"1,800",,,,
691,28140,동구,송현동,집합,준공업,제2종근린생활,1997,,26.06,2007,7,13,"1,800",,,,
692,28140,동구,송현동,집합,준공업,판매,1997,,30,2007,7,13,"4,400",,,,
693,28140,동구,송현동,집합,준공업,제2종근린생활,1997,,26.06,2007,7,13,"1,600",,,,
694,28140,동구,송현동,집합,준공업,판매,1997,,30,2007,7,14,"4,300",,,,
695,28140,동구,송현동,집합,일반상업,제1종근린생활,2007,,51.19,2007,7,15,"62,000",,,,
696,28140,동구,송현동,집합,준공업,판매,1997,,30,2007,7,31,"4,000",,,,
697,28140,동구,송현동,집합,준공업,판매,1997,,26.06,2007,7,31,"3,000",,,,
698,28140,동구,송현동,집합,준공업,판매,1997,,26.06,2007,7,31,"2,500",,,,
699,28140,동구,송림동,집합,준공업,판매,1994,,27.06,2007,7,3,"2,600",,,,
700,28140,동구,송림동,집합,준공업,판매,1994,,31.16,2007,7,3,"2,600",,,,
701,28140,동구,송림동,집합,준공업,판매,1994,,27.06,2007,7,5,"2,100",,,,
702,28140,동구,송림동,집합,준공업,판매,1994,,31.16,2007,7,5,"5,000",,,,
703,28140,동구,송림동,집합,제2종일반주거,제1종근린생활,2007,,16.21,2007,7,12,"6,500",,,,
704,28140,동구,만석동,일반,일반공업,기타,2000,1582.4,291.89,2007,8,20,"151,000",,,,
705,28140,동구,만석동,일반,제3종일반주거,기타,1995,85.6,125.06,2007,8,20,"17,000",,,,
706,28140,동구,송현동,집합,준공업,판매,1997,,26.06,2007,8,7,"2,750",,,,
707,28140,동구,송현동,집합,준공업,판매,1997,,30,2007,8,7,"2,750",,,,
708,28140,동구,송현동,집합,준공업,판매,1997,,26.06,2007,8,7,"2,750",,,,
709,28140,동구,송현동,집합,준공업,판매,1997,,30,2007,8,8,"4,300",,,,
710,28140,동구,송현동,집합,준공업,판매,1997,,26.06,2007,8,8,"1,500",,,,
711,28140,동구,송현동,집합,준공업,판매,1997,,26.06,2007,8,8,"1,500",,,,
712,28140,동구,송현동,집합,준공업,제2종근린생활,1997,,33.07,2007,8,11,"3,200",,,,
713,28140,동구,송현동,집합,준공업,제2종근린생활,1997,,26.06,2007,8,14,"1,700",,,,
714,28140,동구,송현동,집합,준공업,판매,1997,,30,2007,8,14,"4,000",,,,
715,28140,동구,송현동,집합,준공업,판매,1997,,26.06,2007,8,14,"1,800",,,,
716,28140,동구,송현동,집합,준공업,판매,1997,,30.68,2007,8,17,"4,000",,,,
717,28140,동구,송현동,집합,준공업,판매,1997,,26.76,2007,8,17,"2,000",,,,
718,28140,동구,송현동,집합,준공업,교육연구,1997,,26.76,2007,8,17,"2,000",,,,
719,28140,동구,송현동,집합,준공업,판매,1997,,30,2007,8,20,"4,000",,,,
720,28140,동구,송현동,집합,준공업,판매,1997,,30,2007,8,20,"4,000",,,,
721,28140,동구,송현동,집합,준공업,제2종근린생활,1997,,26.06,2007,8,20,"2,000",,,,
722,28140,동구,송현동,집합,준공업,판매,1997,,26.06,2007,8,20,"2,000",,,,
723,28140,동구,송현동,집합,준공업,판매,1997,,26.06,2007,8,20,"2,000",,,,
724,28140,동구,송현동,집합,준공업,제2종근린생활,1997,,26.06,2007,8,20,"2,000",,,,
725,28140,동구,송현동,집합,준공업,판매,1997,,27.1,2007,8,22,"3,000",,,,
726,28140,동구,송현동,집합,준공업,판매,1997,,30.4,2007,8,22,"14,500",,,,
727,28140,동구,송현동,집합,준공업,판매,1997,,27.1,2007,8,22,"3,500",,,,
728,28140,동구,송현동,집합,준공업,판매,1997,,30,2007,8,28,"6,000",,,,
729,28140,동구,송현동,집합,준공업,판매,1997,,26.06,2007,8,28,"3,000",,,,
730,28140,동구,송현동,집합,준공업,제2종근린생활,1997,,26.06,2007,8,28,"2,000",,,,
731,28140,동구,창영동,집합,제2종일반주거,제1종근린생활,2006,,10.26,2007,8,10,"3,400",,,,
732,28140,동구,금곡동,일반,제2종일반주거,기타,1985,112.4,151.36,2007,8,7,"16,000",,,,
733,28140,동구,송림동,집합,준공업,판매,1994,,31.16,2007,8,2,"5,000",,,,
734,28140,동구,송림동,집합,준공업,판매,1994,,27.06,2007,8,2,"2,200",,,,
735,28140,동구,송림동,집합,준공업,판매,1994,,27.06,2007,8,2,"1,500",,,,
736,28140,동구,송림동,집합,준공업,판매,1994,,31.16,2007,8,2,"4,000",,,,
737,28140,동구,송림동,집합,일반상업,기타,1983,,60.2,2007,8,2,"3,800",,,,
738,28140,동구,송림동,집합,일반상업,기타,1983,,97.66,2007,8,2,"4,600",,,,
739,28140,동구,송림동,일반,일반상업,기타,1968,99.5,284.13,2007,8,7,"19,000",,,,
740,28140,동구,송림동,일반,일반상업,기타,1968,136.2,214.22,2007,8,7,"28,000",,,,
741,28140,동구,송림동,집합,준공업,제2종근린생활,1997,,26.76,2007,8,9,"2,000",,,,
742,28140,동구,송림동,집합,준공업,제2종근린생활,1997,,26.76,2007,8,9,"2,000",,,,
743,28140,동구,송림동,집합,준공업,판매,1997,,30.8,2007,8,9,"4,000",,,,
744,28140,동구,송림동,집합,제2종일반주거,제1종근린생활,2007,,16.21,2007,8,14,"6,500",,,,
745,28140,동구,송현동,집합,준공업,판매,1997,,73.5,2007,9,2,"8,600",,,,
746,28140,동구,송현동,집합,준공업,제2종근린생활,1997,,26.06,2007,9,5,"2,000",,,,
747,28140,동구,송현동,집합,준공업,판매,1997,,26.06,2007,9,5,"2,000",,,,
748,28140,동구,송현동,집합,준공업,판매,1997,,30,2007,9,5,"5,000",,,,
749,28140,동구,송현동,집합,준공업,판매,1997,,26.06,2007,9,6,"1,900",,,,
750,28140,동구,송현동,집합,준공업,제2종근린생활,1997,,26.06,2007,9,6,"1,800",,,,
751,28140,동구,송현동,집합,준공업,판매,1997,,30,2007,9,6,"4,400",,,,
752,28140,동구,송현동,집합,준공업,판매,1997,,26.06,2007,9,7,"2,500",,,,
753,28140,동구,송현동,집합,준공업,제2종근린생활,1997,,26.06,2007,9,7,"2,963",,,,
754,28140,동구,송현동,집합,준공업,판매,1997,,26.06,2007,9,7,"2,500",,,,
755,28140,동구,송현동,집합,준공업,판매,1997,,30,2007,9,7,"3,274",,,,
756,28140,동구,송현동,집합,준공업,판매,1997,,30,2007,9,7,"2,500",,,,
757,28140,동구,송현동,집합,준공업,판매,1997,,26.06,2007,9,7,"2,963",,,,
758,28140,동구,송현동,집합,제2종일반주거,제2종근린생활,1984,,9,2007,9,10,"4,000",,,,
759,28140,동구,송현동,일반,준공업,기타,1997,413.2,249.54,2007,9,10,"43,000",,,,
760,28140,동구,송현동,집합,제2종일반주거,제2종근린생활,1984,,9,2007,9,10,"4,600",,,,
761,28140,동구,송현동,집합,준공업,판매,1997,,26.76,2007,9,11,"2,400",,,,
762,28140,동구,송현동,집합,준공업,판매,1997,,30.68,2007,9,11,"3,200",,,,
763,28140,동구,송현동,집합,준공업,판매,1997,,26.76,2007,9,11,"2,400",,,,
764,28140,동구,송현동,집합,준공업,기타,1997,,26.06,2007,9,12,"2,500",,,,
765,28140,동구,송현동,집합,준공업,판매,1997,,30,2007,9,12,"3,000",,,,
766,28140,동구,송현동,집합,준공업,판매,1997,,26.06,2007,9,12,"2,600",,,,
767,28140,동구,송현동,집합,준공업,판매,1997,,30,2007,9,14,"4,000",,,,
768,28140,동구,송현동,집합,준공업,제2종근린생활,1997,,26.06,2007,9,14,"2,000",,,,
769,28140,동구,송현동,집합,준공업,판매,1997,,26.06,2007,9,14,"2,100",,,,
770,28140,동구,송현동,집합,제3종일반주거,제2종근린생활,2003,,28.08,2007,9,15,"13,500",,,,
771,28140,동구,송현동,집합,준공업,판매,1997,,30,2007,9,17,"3,200",,,,
772,28140,동구,송현동,집합,준공업,판매,1997,,26.06,2007,9,17,"2,500",,,,
773,28140,동구,송현동,집합,준공업,판매,1997,,30,2007,9,17,"3,200",,,,
774,28140,동구,송현동,집합,준공업,제2종근린생활,1997,,26.06,2007,9,17,"2,000",,,,
775,28140,동구,송현동,집합,준공업,제2종근린생활,1997,,26.06,2007,9,17,"2,000",,,,
776,28140,동구,송현동,집합,준공업,판매,1997,,26.06,2007,9,17,"2,500",,,,
777,28140,동구,송현동,집합,제3종일반주거,기타,2003,,28.08,2007,9,19,"7,800",,,,
778,28140,동구,송현동,집합,준공업,판매,1997,,30,2007,9,20,"5,000",,,,
779,28140,동구,송현동,집합,준공업,판매,1997,,176.09,2007,9,20,"40,000",,,,
780,28140,동구,송현동,집합,제3종일반주거,제2종근린생활,2004,,33.12,2007,9,20,"21,500",,,,
781,28140,동구,송현동,집합,준공업,판매,1997,,26.06,2007,9,20,"1,600",,,,
782,28140,동구,송현동,집합,준공업,제2종근린생활,1997,,26.06,2007,9,20,"1,600",,,,
783,28140,동구,송림동,집합,일반상업,제1종근린생활,1979,,31.78,2007,9,4,"4,750",,,,
784,28140,동구,송림동,집합,일반상업,제1종근린생활,1979,,31.78,2007,9,4,"4,750",,,,
785,28140,동구,송림동,일반,일반상업,기타,1971,32.1,39.66,2007,9,4,"7,200",,,,
786,28140,동구,송림동,집합,준공업,판매,1994,,31.16,2007,9,10,"4,000",,,,
787,28140,동구,송림동,집합,준공업,판매,1994,,27.06,2007,9,10,"1,620",,,,
788,28140,동구,송림동,집합,준공업,판매,1994,,27.06,2007,9,11,"2,300",,,,
789,28140,동구,송림동,집합,준공업,판매,1994,,31.16,2007,9,11,"6,500",,,,
790,28140,동구,송림동,집합,준공업,판매,1997,,85.95,2007,9,27,"11,000",,,,
791,28140,동구,화수동,집합,제3종일반주거,제1종근린생활,2001,,52.26,2007,10,3,"20,000",,,,
792,28140,동구,송현동,집합,준공업,판매,1997,,26.06,2007,10,1,"2,500",,,,
793,28140,동구,송현동,집합,준공업,제2종근린생활,1997,,26.06,2007,10,1,"2,500",,,,
794,28140,동구,송현동,집합,준공업,제2종근린생활,1997,,26.06,2007,10,1,"2,100",,,,
795,28140,동구,송현동,집합,준공업,판매,1997,,26.06,2007,10,1,"2,100",,,,
796,28140,동구,송현동,집합,준공업,판매,1997,,30,2007,10,1,"4,000",,,,
797,28140,동구,송현동,집합,준공업,판매,1997,,30,2007,10,1,"2,800",,,,
798,28140,동구,송현동,집합,준공업,판매,1997,,26.06,2007,10,4,"2,000",,,,
799,28140,동구,송현동,집합,준공업,판매,1997,,26.06,2007,10,4,"2,000",,,,
800,28140,동구,송현동,집합,준공업,판매,1997,,30,2007,10,4,"5,500",,,,
801,28140,동구,송현동,집합,준공업,제2종근린생활,1997,,26.76,2007,10,5,"1,800",,,,
802,28140,동구,송현동,집합,준공업,판매,1997,,30.8,2007,10,5,"4,200",,,,
803,28140,동구,송현동,집합,준공업,판매,1997,,26.76,2007,10,5,"2,000",,,,
804,28140,동구,송현동,집합,준공업,판매,1997,,30,2007,10,9,"3,100",,,,
805,28140,동구,송현동,집합,준공업,판매,1997,,26.06,2007,10,9,"2,700",,,,
806,28140,동구,송현동,집합,준공업,제2종근린생활,1997,,26.06,2007,10,9,"2,700",,,,
807,28140,동구,송현동,집합,준공업,제2종근린생활,1997,,26.06,2007,10,11,"2,000",,,,
808,28140,동구,송현동,집합,준공업,판매,1997,,26.06,2007,10,11,"2,000",,,,
809,28140,동구,송현동,집합,준공업,제2종근린생활,1997,,26.06,2007,10,11,"1,800",,,,
810,28140,동구,송현동,집합,준공업,판매,1997,,26.06,2007,10,11,"2,000",,,,
811,28140,동구,송현동,집합,준공업,판매,1997,,30,2007,10,11,"4,200",,,,
812,28140,동구,송현동,집합,준공업,판매,1997,,26.06,2007,10,11,"2,000",,,,
813,28140,동구,송현동,집합,준공업,판매,1997,,30,2007,10,11,"4,200",,,,
814,28140,동구,송현동,집합,준공업,판매,1997,,30,2007,10,11,"4,400",,,,
815,28140,동구,송현동,집합,준공업,제2종근린생활,1997,,26.06,2007,10,11,"1,800",,,,
816,28140,동구,송현동,일반,제2종일반주거,기타,1984,57,88.68,2007,10,15,"17,980",,,,
817,28140,동구,송현동,집합,준공업,판매,1997,,30,2007,10,16,"4,500",,,,
818,28140,동구,송현동,집합,준공업,판매,1997,,26.06,2007,10,16,"2,000",,,,
819,28140,동구,송현동,집합,준공업,판매,1997,,26.06,2007,10,16,"2,000",,,,
820,28140,동구,송현동,집합,제2종일반주거,제1종근린생활,1984,,14.4,2007,10,19,"4,000",,,,
821,28140,동구,송현동,집합,준공업,제2종근린생활,1997,,26.06,2007,10,19,"2,100",,,,
822,28140,동구,송현동,집합,준공업,판매,1997,,26.06,2007,10,19,"2,200",,,,
823,28140,동구,송현동,집합,준공업,판매,1997,,30,2007,10,19,"4,700",,,,
824,28140,동구,송현동,집합,준공업,제2종근린생활,1997,,26.06,2007,10,23,"2,250",,,,
825,28140,동구,송현동,집합,준공업,판매,1997,,30,2007,10,23,"5,000",,,,
826,28140,동구,송현동,집합,준공업,판매,1997,,26.06,2007,10,23,"2,250",,,,
827,28140,동구,송현동,집합,준공업,판매,1997,,30.8,2007,10,24,"4,300",,,,
828,28140,동구,송현동,집합,준공업,판매,1997,,26.76,2007,10,24,"2,000",,,,
829,28140,동구,송현동,집합,준공업,판매,1997,,26.76,2007,10,24,"2,000",,,,
830,28140,동구,송현동,집합,준공업,판매,1997,,30.68,2007,10,25,"5,000",,,,
831,28140,동구,송현동,집합,준공업,판매,1997,,26.76,2007,10,25,"2,350",,,,
832,28140,동구,송현동,집합,준공업,제2종근린생활,1997,,26.76,2007,10,25,"2,350",,,,
833,28140,동구,송현동,집합,준공업,제2종근린생활,1997,,27.1,2007,10,27,"2,800",,,,
834,28140,동구,송현동,집합,준공업,판매,1997,,27.1,2007,10,27,"3,200",,,,
835,28140,동구,송현동,집합,준공업,판매,1997,,30.4,2007,10,27,"8,000",,,,
836,28140,동구,송현동,집합,준공업,판매,1997,,30.4,2007,10,30,"11,000",,,,
837,28140,동구,송현동,집합,준공업,제2종근린생활,1997,,27.1,2007,10,30,"2,500",,,,
838,28140,동구,송현동,집합,준공업,판매,1997,,27.1,2007,10,30,"3,000",,,,
839,28140,동구,창영동,집합,제2종일반주거,제1종근린생활,2006,,7.82,2007,10,28,"3,000",,,,
840,28140,동구,송림동,집합,준공업,제2종근린생활,1994,,29.11,2007,10,1,"1,600",,,,
841,28140,동구,송림동,일반,일반상업,기타,1971,31.7,39.66,2007,10,3,"8,500",,,,
842,28140,동구,송림동,집합,준주거,제2종근린생활,2007,,20.16,2007,10,8,"6,000",,,,
843,28140,동구,송림동,집합,준주거,제2종근린생활,2007,,20.16,2007,10,8,"6,000",,,,
844,28140,동구,송림동,집합,준공업,판매,1994,,31.16,2007,10,26,"5,000",,,,
845,28140,동구,송림동,집합,준공업,판매,1994,,27.06,2007,10,26,"1,200",,,,
846,28140,동구,송림동,집합,일반상업,제1종근린생활,2004,,109.6,2007,10,29,"17,000",,,,
847,28140,동구,만석동,일반,제3종일반주거,기타,1955,159.5,84.2,2007,11,1,"30,000",,,,
848,28140,동구,만석동,집합,제3종일반주거,제2종근린생활,2002,,35.66,2007,11,15,"10,000",,,,
849,28140,동구,송현동,집합,준공업,교육연구,1997,,73.5,2007,11,2,"8,000",,,,
850,28140,동구,송현동,집합,준공업,교육연구,1997,,73.5,2007,11,2,"8,000",,,,
851,28140,동구,송현동,집합,준공업,판매,1997,,30,2007,11,8,"7,400",,,,
852,28140,동구,송현동,집합,준공업,판매,1997,,26.06,2007,11,8,"5,000",,,,
853,28140,동구,송현동,집합,준공업,제2종근린생활,1997,,26.06,2007,11,8,"5,000",,,,
854,28140,동구,송현동,집합,준공업,판매,1997,,26.06,2007,11,13,"2,300",,,,
855,28140,동구,송현동,집합,준공업,판매,1997,,30,2007,11,13,"4,300",,,,
856,28140,동구,송현동,집합,준공업,제2종근린생활,1997,,26.06,2007,11,13,"2,000",,,,
857,28140,동구,송현동,집합,준공업,판매,1997,,30,2007,11,20,"3,300",,,,
858,28140,동구,송현동,집합,준공업,판매,1997,,26.06,2007,11,20,"2,700",,,,
859,28140,동구,송현동,집합,준공업,제2종근린생활,1997,,26.06,2007,11,20,"2,700",,,,
860,28140,동구,송현동,집합,제2종일반주거,제1종근린생활,1984,,18,2007,11,21,"6,500",,,,
861,28140,동구,송현동,집합,준공업,판매,1997,,30,2007,11,23,"4,500",,,,
862,28140,동구,송현동,집합,준공업,제2종근린생활,1997,,26.06,2007,11,23,"1,750",,,,
863,28140,동구,송현동,집합,준공업,판매,1997,,26.06,2007,11,23,"2,100",,,,
864,28140,동구,송현동,집합,제2종일반주거,제1종근린생활,1984,,12,2007,11,27,"2,500",,,,
865,28140,동구,송현동,집합,준공업,판매,1997,,26.76,2007,11,28,"2,120",,,,
866,28140,동구,송현동,집합,준공업,판매,1997,,30.68,2007,11,28,"4,300",,,,
867,28140,동구,송현동,집합,준공업,제2종근린생활,1997,,26.76,2007,11,28,"2,000",,,,
868,28140,동구,금곡동,일반,제2종일반주거,기타,2000,61.9,72.59,2007,11,15,"13,300",,,,
869,28140,동구,송림동,집합,준주거,제1종근린생활,1994,,41.08,2007,11,9,"14,000",,,,
870,28140,동구,송림동,집합,준공업,판매,1994,,31.16,2007,11,12,"6,000",,,,
871,28140,동구,송림동,집합,준공업,판매,1994,,27.06,2007,11,12,"2,500",,,,
872,28140,동구,화수동,일반,제2종일반주거,제2종근린생활,1994,175,277.22,2007,12,24,"26,000",,,,
873,28140,동구,송현동,집합,준공업,제2종근린생활,1997,,26.06,2007,12,3,"2,000",,,,
874,28140,동구,송현동,집합,준공업,판매,1997,,26.06,2007,12,3,"2,200",,,,
875,28140,동구,송현동,집합,준공업,판매,1997,,30,2007,12,3,"4,200",,,,
876,28140,동구,송현동,집합,준공업,제2종근린생활,1997,,26.06,2007,12,5,"2,790",,,,
877,28140,동구,송현동,집합,준공업,판매,1997,,30,2007,12,5,"3,720",,,,
878,28140,동구,송현동,집합,준공업,판매,1997,,26.06,2007,12,5,"2,790",,,,
879,28140,동구,송현동,집합,준공업,판매,1997,,73.5,2007,12,7,"7,400",,,,
880,28140,동구,송현동,집합,준공업,제2종근린생활,1997,,26.06,2007,12,10,"2,300",,,,
881,28140,동구,송현동,집합,준공업,판매,1997,,26.06,2007,12,10,"2,700",,,,
882,28140,동구,송현동,집합,일반상업,제1종근린생활,2007,,235.07,2007,12,10,"36,000",,,,
883,28140,동구,송현동,집합,준공업,판매,1997,,30.8,2007,12,10,"5,000",,,,
884,28140,동구,송현동,집합,준공업,제2종근린생활,1997,,26.06,2007,12,22,"2,300",,,,
885,28140,동구,송현동,집합,준공업,판매,1997,,34.68,2007,12,22,"3,800",,,,
886,28140,동구,송현동,집합,준공업,판매,1997,,26.06,2007,12,22,"2,700",,,,
887,28140,동구,송현동,집합,준공업,제2종근린생활,1997,,26.06,2007,12,31,"2,300",,,,
888,28140,동구,송현동,집합,준공업,판매,1997,,26.06,2007,12,31,"3,000",,,,
889,28140,동구,송현동,집합,준공업,제2종근린생활,1997,,26.06,2007,12,31,"3,000",,,,
890,28140,동구,송현동,집합,준공업,판매,1997,,30,2007,12,31,"4,000",,,,
891,28140,동구,송현동,집합,준공업,판매,1997,,30,2007,12,31,"4,000",,,,
892,28140,동구,송현동,집합,준공업,판매,1997,,26.06,2007,12,31,"2,400",,,,
893,28140,동구,송림동,일반,준주거,기타,1981,67.8,96.36,2007,12,6,"12,000",,,,
894,28140,동구,송림동,일반,일반공업,제1종근린생활,1985,63,42.76,2007,12,15,"19,000",,,,
895,28140,동구,송림동,집합,일반상업,제2종근린생활,1979,,31.8,2007,12,17,"4,900",,,,
896,28140,동구,화수동,일반,제2종일반주거,기타,1983,214,451.49,2008,1,17,"31,000",,,,
897,28140,동구,송현동,집합,준공업,제2종근린생활,1997,,26.76,2008,1,10,"2,200",,,,
898,28140,동구,송현동,집합,준공업,판매,1997,,30.8,2008,1,10,"3,800",,,,
899,28140,동구,송현동,집합,준공업,판매,1997,,26.76,2008,1,10,"2,600",,,,
900,28140,동구,송현동,집합,준공업,판매,1997,,26.06,2008,1,11,"2,200",,,,
901,28140,동구,송현동,집합,준공업,제2종근린생활,1997,,26.06,2008,1,11,"2,100",,,,
902,28140,동구,송현동,집합,준공업,판매,1997,,30,2008,1,11,"5,200",,,,
903,28140,동구,송현동,집합,제3종일반주거,제1종근린생활,2003,,28.08,2008,1,14,"15,300",,,,
904,28140,동구,송현동,집합,준공업,판매,1997,,30,2008,1,15,"8,000",,,,
905,28140,동구,송현동,집합,준공업,판매,1997,,26.06,2008,1,15,"6,000",,,,
906,28140,동구,송현동,집합,준공업,판매,1997,,26.06,2008,1,15,"6,000",,,,
907,28140,동구,송현동,집합,준공업,제2종근린생활,1997,,26.06,2008,1,20,"2,580",,,,
908,28140,동구,송현동,집합,준공업,기타,1997,,30,2008,1,20,"3,440",,,,
909,28140,동구,송현동,집합,준공업,기타,1997,,26.06,2008,1,20,"2,580",,,,
910,28140,동구,송현동,집합,준공업,기타,1997,,26.76,2008,1,24,"2,610",,,,
911,28140,동구,송현동,집합,준공업,기타,1997,,30.68,2008,1,24,"3,480",,,,
912,28140,동구,송현동,집합,준공업,제2종근린생활,1997,,26.76,2008,1,24,"2,610",,,,
913,28140,동구,송현동,집합,준공업,제2종근린생활,1997,,26.06,2008,1,30,"1,300",,,,
914,28140,동구,송현동,집합,준공업,판매,1997,,30,2008,1,30,"3,600",,,,
915,28140,동구,송현동,집합,준공업,판매,1997,,26.06,2008,1,30,"2,000",,,,
916,28140,동구,송현동,집합,준공업,판매,1997,,30,2008,1,30,"2,000",,,,
917,28140,동구,송현동,집합,준공업,판매,1997,,26.06,2008,1,30,"2,000",,,,
918,28140,동구,송현동,집합,준공업,판매,1997,,26.06,2008,1,30,"1,600",,,,
919,28140,동구,송현동,집합,준공업,제2종근린생활,1997,,26.06,2008,1,30,"2,700",,,,
920,28140,동구,송현동,집합,준공업,판매,1997,,26.06,2008,1,30,"2,700",,,,
921,28140,동구,송현동,집합,준공업,판매,1997,,26.06,2008,1,31,"2,700",,,,
922,28140,동구,송현동,집합,준공업,판매,1997,,30,2008,1,31,"5,300",,,,
923,28140,동구,송현동,집합,준공업,제2종근린생활,1997,,26.06,2008,1,31,"2,400",,,,
924,28140,동구,송림동,집합,준공업,업무,1997,,26.06,2008,1,3,"2,000",,,,
925,28140,동구,송림동,집합,준공업,판매,1997,,26.06,2008,1,3,"2,000",,,,
926,28140,동구,송림동,집합,준공업,판매,1997,,34.68,2008,1,3,"4,400",,,,
927,28140,동구,송림동,집합,제2종일반주거,제1종근린생활,2007,,12.14,2008,1,5,"4,800",,,,
928,28140,동구,송림동,집합,제2종일반주거,제1종근린생활,2007,,14,2008,1,5,"5,830",,,,
929,28140,동구,송림동,집합,준공업,판매,1994,,33.21,2008,1,5,"6,000",,,,
930,28140,동구,송림동,집합,준공업,판매,1994,,32.4,2008,1,5,"6,000",,,,
931,28140,동구,송림동,집합,준공업,판매,1994,,29.11,2008,1,5,"2,000",,,,
932,28140,동구,송림동,집합,준공업,판매,1994,,28.4,2008,1,5,"2,000",,,,
933,28140,동구,송림동,집합,준공업,판매,1994,,27.06,2008,1,9,"2,500",,,,
934,28140,동구,송림동,집합,준공업,판매,1994,,31.16,2008,1,9,"6,000",,,,
935,28140,동구,만석동,일반,제3종일반주거,기타,1985,72.9,119.8,2008,2,16,"19,700",,,,
936,28140,동구,송현동,집합,준공업,판매,1997,,73.5,2008,2,5,"6,500",,,,
937,28140,동구,송현동,집합,준공업,제2종근린생활,1997,,26.06,2008,2,15,"2,100",,,,
938,28140,동구,송현동,집합,준공업,판매,1997,,30,2008,2,15,"4,600",,,,
939,28140,동구,송현동,집합,준공업,판매,1997,,26.06,2008,2,15,"2,200",,,,
940,28140,동구,송현동,집합,준공업,기타,1997,,30,2008,2,18,"4,000",,,,
941,28140,동구,송현동,집합,준공업,기타,1997,,26.06,2008,2,18,"3,000",,,,
942,28140,동구,송현동,집합,준공업,기타,1997,,26.06,2008,2,18,"2,700",,,,
943,28140,동구,송현동,집합,준공업,판매,1997,,26.06,2008,2,23,"2,500",,,,
944,28140,동구,송현동,집합,준공업,판매,1997,,30,2008,2,23,"6,700",,,,
945,28140,동구,송현동,집합,준공업,제2종근린생활,1997,,26.06,2008,2,23,"2,300",,,,
946,28140,동구,송현동,집합,준공업,제2종근린생활,1997,,26.06,2008,2,23,"2,300",,,,
947,28140,동구,송현동,집합,준공업,판매,1997,,26.06,2008,2,23,"2,500",,,,
948,28140,동구,송현동,집합,준공업,판매,1997,,30,2008,2,23,"6,700",,,,
949,28140,동구,송현동,집합,준공업,판매,1997,,30,2008,2,28,"4,400",,,,
950,28140,동구,송현동,집합,준공업,판매,1997,,26.06,2008,2,28,"2,200",,,,
951,28140,동구,송현동,집합,준공업,제2종근린생활,1997,,26.06,2008,2,28,"2,200",,,,
952,28140,동구,송현동,집합,준공업,판매,1997,,30,2008,2,29,"6,000",,,,
953,28140,동구,송현동,집합,준공업,판매,1997,,26.06,2008,2,29,"2,600",,,,
954,28140,동구,송현동,집합,준공업,제2종근린생활,1997,,26.06,2008,2,29,"2,400",,,,
955,28140,동구,송림동,일반,일반상업,기타,1983,740.5,1356.71,2008,2,4,"179,500",,,,
956,28140,동구,송림동,집합,일반상업,기타,1971,,55.08,2008,2,21,"6,000",,,,
957,28140,동구,송림동,집합,일반상업,기타,1971,,33.06,2008,2,29,"5,500",,,,
