,지역코드,시군구,법정동,용도지역,지목,거래면적,거래금액,년,월,일,거래유형,중개사소재지,해제사유발생일,해제여부
0,28140,동구,화수동,제2종일반주거지역,대,25,"1,350",2006,1,25,,,,
1,28140,동구,송림동,준주거지역,대,36,"3,400",2006,1,11,,,,
2,28140,동구,송림동,제3종일반주거지역,대,6,480,2006,1,20,,,,
3,28140,동구,화수동,제3종일반주거지역,대,153,"13,800",2006,2,24,,,,
4,28140,동구,송림동,준주거지역,대,42,"6,300",2006,2,1,,,,
5,28140,동구,송림동,준주거지역,대,39,"2,900",2006,2,1,,,,
6,28140,동구,송림동,준주거지역,잡종지,76,"7,000",2006,2,2,,,,
7,28140,동구,송림동,준주거지역,대,83,"10,250",2006,2,3,,,,
8,28140,동구,송림동,일반상업지역,대,117,"9,000",2006,2,13,,,,
9,28140,동구,송림동,준주거지역,대,40,"2,606",2006,2,23,,,,
10,28140,동구,송림동,준주거지역,도로,3,212,2006,2,23,,,,
11,28140,동구,송림동,일반상업지역,대,86,"6,500",2006,3,3,,,,
12,28140,동구,송림동,준주거지역,대,42,"3,600",2006,3,11,,,,
13,28140,동구,송림동,준주거지역,대,7,509,2006,3,11,,,,
14,28140,동구,송림동,준주거지역,대,72,"7,500",2006,3,17,,,,
15,28140,동구,송림동,제2종일반주거지역,대,6,600,2006,3,23,,,,
16,28140,동구,송림동,제2종일반주거지역,대,4,400,2006,3,23,,,,
17,28140,동구,송림동,제2종일반주거지역,대,4,500,2006,3,23,,,,
18,28140,동구,송림동,제2종일반주거지역,대,3,300,2006,3,23,,,,
19,28140,동구,송림동,제2종일반주거지역,대,9,900,2006,3,23,,,,
20,28140,동구,송림동,준주거지역,대,5,"1,500",2006,3,28,,,,
21,28140,동구,송림동,준주거지역,대,22,"7,700",2006,3,28,,,,
22,28140,동구,송림동,일반상업지역,대,43,"2,500",2006,3,29,,,,
23,28140,동구,송림동,준주거지역,대,20,"2,800",2006,3,31,,,,
24,28140,동구,송림동,준주거지역,대,26,"3,500",2006,3,31,,,,
25,28140,동구,송림동,준주거지역,대,41,"8,000",2006,3,31,,,,
26,28140,동구,만석동,제3종일반주거지역,대,73,"6,500",2006,4,13,,,,
27,28140,동구,화수동,제3종일반주거지역,대,77,"5,000",2006,4,3,,,,
28,28140,동구,화수동,일반공업지역,대,292,"24,100",2006,4,16,,,,
29,28140,동구,화수동,제3종일반주거지역,대,1,97,2006,4,30,,,,
30,28140,동구,화수동,제3종일반주거지역,대,18,"1,709",2006,4,30,,,,
31,28140,동구,화수동,제3종일반주거지역,대,1,117,2006,4,30,,,,
32,28140,동구,화수동,제3종일반주거지역,대,9,"1,009",2006,4,30,,,,
33,28140,동구,화수동,제3종일반주거지역,도로,3,286,2006,4,30,,,,
34,28140,동구,화평동,제3종일반주거지역,대,32,"2,107",2006,4,19,,,,
35,28140,동구,금곡동,제2종일반주거지역,대,218,"18,500",2006,4,20,,,,
36,28140,동구,송림동,제2종일반주거지역,대,83,"8,100",2006,4,1,,,,
37,28140,동구,송림동,제2종일반주거지역,대,1,100,2006,4,4,,,,
38,28140,동구,송림동,제2종일반주거지역,대,42,"2,500",2006,4,4,,,,
39,28140,동구,송림동,제2종일반주거지역,대,49,"3,821",2006,4,5,,,,
40,28140,동구,송림동,준주거지역,대,17,"4,300",2006,4,7,,,,
41,28140,동구,송림동,제2종일반주거지역,대,63,"2,200",2006,4,9,,,,
42,28140,동구,송림동,준주거지역,대,66,"6,312",2006,4,15,,,,
43,28140,동구,송림동,제2종일반주거지역,대,20,"2,400",2006,4,15,,,,
44,28140,동구,송림동,준주거지역,대,55,"4,687",2006,4,15,,,,
45,28140,동구,송림동,준주거지역,대,13,306,2006,4,20,,,,
46,28140,동구,송림동,제2종일반주거지역,대,21,"1,000",2006,4,20,,,,
47,28140,동구,송림동,제2종일반주거지역,대,143,"5,753",2006,4,28,,,,
48,28140,동구,만석동,제3종일반주거지역,대,58,"4,088",2006,5,29,,,,
49,28140,동구,만석동,일반공업지역,대,28,"1,210",2006,5,30,,,,
50,28140,동구,만석동,제2종일반주거지역,대,2,155,2006,5,30,,,,
51,28140,동구,화수동,제3종일반주거지역,대,2,51,2006,5,8,,,,
52,28140,동구,화수동,제3종일반주거지역,대,6,476,2006,5,8,,,,
53,28140,동구,화수동,제3종일반주거지역,대,20,"1,450",2006,5,8,,,,
54,28140,동구,화수동,제3종일반주거지역,대,77,"5,600",2006,5,24,,,,
55,28140,동구,화평동,제3종일반주거지역,대,21,"1,600",2006,5,20,,,,
56,28140,동구,송림동,제3종일반주거지역,대,4,350,2006,5,1,,,,
57,28140,동구,송림동,준주거지역,대,19,800,2006,5,1,,,,
58,28140,동구,송림동,제2종일반주거지역,대,39,"2,450",2006,5,1,,,,
59,28140,동구,송림동,제2종일반주거지역,대,27,"2,250",2006,5,1,,,,
60,28140,동구,송림동,제2종일반주거지역,대,10,800,2006,5,1,,,,
61,28140,동구,송림동,제2종일반주거지역,대,1,254,2006,5,6,,,,
62,28140,동구,송림동,제2종일반주거지역,대,3,616,2006,5,6,,,,
63,28140,동구,송림동,제2종일반주거지역,대,1,275,2006,5,6,,,,
64,28140,동구,송림동,제2종일반주거지역,대,1,146,2006,5,6,,,,
65,28140,동구,송림동,제2종일반주거지역,대,2,510,2006,5,6,,,,
66,28140,동구,송림동,준주거지역,대,18,"2,081",2006,5,8,,,,
67,28140,동구,송림동,준주거지역,도로,8,500,2006,5,12,,,,
68,28140,동구,송림동,준주거지역,도로,6,400,2006,5,12,,,,
69,28140,동구,송림동,준주거지역,전,1,100,2006,5,12,,,,
70,28140,동구,송림동,준주거지역,도로,40,"1,400",2006,5,12,,,,
71,28140,동구,송림동,준주거지역,전,3,400,2006,5,12,,,,
72,28140,동구,송림동,준주거지역,구거,3,350,2006,5,12,,,,
73,28140,동구,송림동,준주거지역,도로,33,"2,000",2006,5,12,,,,
74,28140,동구,송림동,제3종일반주거지역,대,43,"3,600",2006,5,15,,,,
75,28140,동구,송림동,준주거지역,대,33,"3,000",2006,5,15,,,,
76,28140,동구,송림동,준주거지역,대,35,"3,326",2006,5,15,,,,
77,28140,동구,송림동,준주거지역,대,43,"2,065",2006,5,16,,,,
78,28140,동구,송림동,준주거지역,대,30,"1,435",2006,5,16,,,,
79,28140,동구,송림동,일반상업지역,대,46,"2,250",2006,5,25,,,,
80,28140,동구,송림동,일반상업지역,대,16,791,2006,5,25,,,,
81,28140,동구,만석동,제3종일반주거지역,대,15,"1,000",2006,6,1,,,,
82,28140,동구,만석동,제3종일반주거지역,대,1,100,2006,6,1,,,,
83,28140,동구,만석동,제3종일반주거지역,대,3,330,2006,6,1,,,,
84,28140,동구,만석동,제3종일반주거지역,대,4,150,2006,6,1,,,,
85,28140,동구,만석동,제3종일반주거지역,대,4,150,2006,6,1,,,,
86,28140,동구,만석동,제3종일반주거지역,대,1,50,2006,6,1,,,,
87,28140,동구,만석동,제3종일반주거지역,대,10,800,2006,6,1,,,,
88,28140,동구,만석동,제3종일반주거지역,대,3,330,2006,6,1,,,,
89,28140,동구,만석동,제3종일반주거지역,대,2,200,2006,6,1,,,,
90,28140,동구,만석동,제3종일반주거지역,대,15,730,2006,6,20,,,,
91,28140,동구,만석동,제3종일반주거지역,도로,3,170,2006,6,20,,,,
92,28140,동구,만석동,일반공업지역,대,118,"9,000",2006,6,24,,,,
93,28140,동구,화수동,제3종일반주거지역,대,20,"1,300",2006,6,13,,,,
94,28140,동구,화수동,제3종일반주거지역,대,6,420,2006,6,13,,,,
95,28140,동구,화수동,제3종일반주거지역,대,2,60,2006,6,13,,,,
96,28140,동구,송림동,제2종일반주거지역,대,7,364,2006,6,2,,,,
97,28140,동구,송림동,일반공업지역,도로,96,"6,000",2006,6,5,,,,
98,28140,동구,송림동,일반상업지역,대,21,"3,185",2006,6,7,,,,
99,28140,동구,송림동,일반상업지역,대,172,"30,600",2006,6,14,,,,
100,28140,동구,송림동,제2종일반주거지역,대,51,"6,000",2006,6,15,,,,
101,28140,동구,송림동,일반상업지역,대,17,"1,100",2006,6,15,,,,
102,28140,동구,송림동,제2종일반주거지역,대,62,"4,881",2006,6,16,,,,
103,28140,동구,송림동,준주거지역,대,30,"2,400",2006,6,20,,,,
104,28140,동구,송림동,일반상업지역,대,15,"1,500",2006,6,22,,,,
105,28140,동구,송림동,제2종일반주거지역,대,62,"5,300",2006,6,22,,,,
106,28140,동구,송림동,일반상업지역,대,68,"8,000",2006,6,22,,,,
107,28140,동구,만석동,제3종일반주거지역,잡종지,388,"30,200",2006,7,18,,,,
108,28140,동구,화수동,일반공업지역,대,109,"6,000",2006,7,1,,,,
109,28140,동구,송현동,일반상업지역,대,3,200,2006,7,19,,,,
110,28140,동구,송현동,일반상업지역,대,3,200,2006,7,19,,,,
111,28140,동구,송현동,일반상업지역,대,10,"1,000",2006,7,19,,,,
112,28140,동구,송현동,제2종일반주거지역,대,73,"3,690",2006,7,27,,,,
113,28140,동구,금곡동,제2종일반주거지역,대,37,"2,156",2006,7,10,,,,
114,28140,동구,금곡동,제2종일반주거지역,대,251,"21,000",2006,7,27,,,,
115,28140,동구,송림동,제3종일반주거지역,대,78,"4,400",2006,7,2,,,,
116,28140,동구,송림동,제3종일반주거지역,대,2,100,2006,7,2,,,,
117,28140,동구,송림동,제2종일반주거지역,대,34,"1,768",2006,7,3,,,,
118,28140,동구,송림동,제2종일반주거지역,대,3,400,2006,7,10,,,,
119,28140,동구,송림동,제2종일반주거지역,대,2,300,2006,7,10,,,,
120,28140,동구,송림동,제2종일반주거지역,대,5,600,2006,7,10,,,,
121,28140,동구,송림동,제2종일반주거지역,대,7,700,2006,7,10,,,,
122,28140,동구,송림동,제3종일반주거지역,대,50,"3,000",2006,7,10,,,,
123,28140,동구,송림동,제2종일반주거지역,대,3,400,2006,7,10,,,,
124,28140,동구,송림동,준주거지역,구거,7,610,2006,7,31,,,,
125,28140,동구,화수동,제3종일반주거지역,대,34,"2,349",2006,8,24,,,,
126,28140,동구,송림동,제2종일반주거지역,대,20,922,2006,8,1,,,,
127,28140,동구,송림동,준주거지역,대,59,"5,749",2006,8,18,,,,
128,28140,동구,송림동,제2종일반주거지역,대,49,"4,000",2006,8,22,,,,
129,28140,동구,송림동,제2종일반주거지역,대,82,"5,300",2006,8,23,,,,
130,28140,동구,만석동,일반공업지역,잡종지,"1,723","156,300",2006,9,12,,,,
131,28140,동구,화수동,제2종일반주거지역,대,35,"2,069",2006,9,1,,,,
132,28140,동구,화수동,제3종일반주거지역,대,62,"3,000",2006,9,26,,,,
133,28140,동구,화평동,제3종일반주거지역,대,42,"15,000",2006,9,26,,,,
134,28140,동구,창영동,제2종일반주거지역,대,4,500,2006,9,15,,,,
135,28140,동구,송림동,일반상업지역,대,15,"1,410",2006,9,5,,,,
136,28140,동구,송림동,준주거지역,잡종지,13,886,2006,9,8,,,,
137,28140,동구,송림동,준주거지역,잡종지,1,40,2006,9,8,,,,
138,28140,동구,송림동,준주거지역,대,5,383,2006,9,8,,,,
139,28140,동구,송림동,일반상업지역,대,42,"2,324",2006,9,8,,,,
140,28140,동구,송림동,준주거지역,대,20,"1,341",2006,9,8,,,,
141,28140,동구,송림동,준주거지역,대,15,"1,219",2006,9,8,,,,
142,28140,동구,송림동,준주거지역,대,34,"2,056",2006,9,8,,,,
143,28140,동구,송림동,준주거지역,대,19,"1,276",2006,9,8,,,,
144,28140,동구,송림동,제3종일반주거지역,대,61,"5,556",2006,9,13,,,,
145,28140,동구,송림동,제3종일반주거지역,대,71,"6,531",2006,9,13,,,,
146,28140,동구,송림동,준주거지역,잡종지,13,886,2006,9,15,,,,
147,28140,동구,송림동,준주거지역,대,34,"2,296",2006,9,15,,,,
148,28140,동구,송림동,준주거지역,대,20,"1,341",2006,9,15,,,,
149,28140,동구,송림동,준주거지역,잡종지,1,40,2006,9,15,,,,
150,28140,동구,송림동,준주거지역,대,15,"1,219",2006,9,15,,,,
151,28140,동구,송림동,준주거지역,대,5,383,2006,9,15,,,,
152,28140,동구,송림동,준주거지역,대,19,"1,276",2006,9,15,,,,
153,28140,동구,송림동,제2종일반주거지역,대,7,392,2006,9,21,,,,
154,28140,동구,송림동,준주거지역,대,14,"1,400",2006,9,22,,,,
155,28140,동구,송림동,준주거지역,잡종지,15,"1,500",2006,9,22,,,,
156,28140,동구,송림동,준주거지역,대,84,"7,100",2006,9,22,,,,
157,28140,동구,송림동,준주거지역,대,17,"1,754",2006,9,22,,,,
158,28140,동구,송림동,준주거지역,대,15,"1,600",2006,9,22,,,,
159,28140,동구,송림동,제2종일반주거지역,대,24,"1,500",2006,9,30,,,,
160,28140,동구,만석동,일반공업지역,도로,2,162,2006,10,30,,,,
161,28140,동구,만석동,일반공업지역,공장용지,"29,692","2,047,864",2006,10,30,,,,
162,28140,동구,만석동,일반공업지역,공장용지,"24,279","1,398,096",2006,10,30,,,,
163,28140,동구,만석동,일반공업지역,공장용지,"8,139","486,788",2006,10,30,,,,
164,28140,동구,만석동,일반공업지역,도로,77,"4,447",2006,10,30,,,,
165,28140,동구,만석동,일반공업지역,공장용지,"6,481","381,395",2006,10,30,,,,
166,28140,동구,만석동,일반공업지역,공장용지,"7,540","451,066",2006,10,30,,,,
167,28140,동구,만석동,일반공업지역,도로,74,"4,486",2006,10,30,,,,
168,28140,동구,만석동,일반공업지역,도로,1,80,2006,10,30,,,,
169,28140,동구,만석동,일반공업지역,도로,259,"14,457",2006,10,30,,,,
170,28140,동구,만석동,일반공업지역,공장용지,"9,415","570,804",2006,10,30,,,,
171,28140,동구,만석동,일반공업지역,도로,160,"8,939",2006,10,30,,,,
172,28140,동구,만석동,일반공업지역,도로,95,"5,731",2006,10,30,,,,
173,28140,동구,만석동,일반공업지역,도로,50,"2,995",2006,10,30,,,,
174,28140,동구,만석동,일반공업지역,도로,63,"3,822",2006,10,30,,,,
175,28140,동구,만석동,일반공업지역,도로,119,"7,251",2006,10,30,,,,
176,28140,동구,만석동,일반공업지역,도로,1,66,2006,10,30,,,,
177,28140,동구,만석동,일반공업지역,도로,1,79,2006,10,30,,,,
178,28140,동구,만석동,일반공업지역,잡종지,268,"18,512",2006,10,30,,,,
179,28140,동구,만석동,일반공업지역,도로,59,"3,541",2006,10,30,,,,
180,28140,동구,만석동,일반공업지역,도로,103,"6,184",2006,10,30,,,,
181,28140,동구,만석동,일반공업지역,도로,1,72,2006,10,30,,,,
182,28140,동구,만석동,일반공업지역,도로,125,"7,193",2006,10,30,,,,
183,28140,동구,만석동,일반공업지역,도로,82,"4,843",2006,10,30,,,,
184,28140,동구,화수동,제3종일반주거지역,대,24,"1,600",2006,10,16,,,,
185,28140,동구,화수동,제3종일반주거지역,대,14,700,2006,10,16,,,,
186,28140,동구,화수동,제3종일반주거지역,대,16,"1,500",2006,10,26,,,,
187,28140,동구,화수동,제3종일반주거지역,대,5,485,2006,10,26,,,,
188,28140,동구,화수동,제3종일반주거지역,도로,3,100,2006,10,27,,,,
189,28140,동구,송현동,준공업지역,잡종지,660,"44,000",2006,10,2,,,,
190,28140,동구,송현동,제2종일반주거지역,도로,8,100,2006,10,24,,,,
191,28140,동구,창영동,제2종일반주거지역,대,66,"5,400",2006,10,10,,,,
192,28140,동구,송림동,준주거지역,대,13,"2,600",2006,10,11,,,,
193,28140,동구,송림동,준주거지역,대,2,400,2006,10,11,,,,
194,28140,동구,송림동,준주거지역,대,21,"3,200",2006,10,15,,,,
195,28140,동구,송림동,준주거지역,대,17,"1,850",2006,10,18,,,,
196,28140,동구,송림동,준주거지역,대,2,350,2006,10,18,,,,
197,28140,동구,송림동,준주거지역,대,69,"8,466",2006,10,21,,,,
198,28140,동구,송림동,준주거지역,대,69,"6,360",2006,10,21,,,,
199,28140,동구,송림동,준주거지역,대,42,"3,100",2006,10,23,,,,
200,28140,동구,송림동,제3종일반주거지역,대,133,"7,000",2006,10,27,,,,
201,28140,동구,만석동,제3종일반주거지역,대,5,534,2006,11,30,,,,
202,28140,동구,화수동,제3종일반주거지역,대,13,"1,030",2006,11,1,,,,
203,28140,동구,화수동,제3종일반주거지역,대,43,"5,000",2006,11,5,,,,
204,28140,동구,화수동,제3종일반주거지역,대,69,"6,000",2006,11,5,,,,
205,28140,동구,화수동,제3종일반주거지역,대,40,"5,000",2006,11,5,,,,
206,28140,동구,화수동,제3종일반주거지역,대,50,"5,350",2006,11,5,,,,
207,28140,동구,화수동,제3종일반주거지역,대,7,800,2006,11,13,,,,
208,28140,동구,화수동,제3종일반주거지역,대,2,120,2006,11,13,,,,
209,28140,동구,화수동,제3종일반주거지역,대,22,"1,000",2006,11,13,,,,
210,28140,동구,화수동,제3종일반주거지역,대,7,600,2006,11,13,,,,
211,28140,동구,화수동,제3종일반주거지역,대,76,"6,500",2006,11,15,,,,
212,28140,동구,화평동,제3종일반주거지역,대,2,319,2006,11,7,,,,
213,28140,동구,화평동,제3종일반주거지역,대,14,"1,735",2006,11,7,,,,
214,28140,동구,화평동,제3종일반주거지역,대,59,"9,500",2006,11,23,,,,
215,28140,동구,화평동,제3종일반주거지역,대,63,"4,000",2006,11,29,,,,
216,28140,동구,화평동,제3종일반주거지역,대,234,"21,000",2006,11,30,,,,
217,28140,동구,송림동,준주거지역,대,118,"10,463",2006,11,5,,,,
218,28140,동구,송림동,준주거지역,대,110,"9,753",2006,11,5,,,,
219,28140,동구,송림동,준주거지역,대,64,"12,000",2006,11,6,,,,
220,28140,동구,송림동,준주거지역,대,59,"5,749",2006,11,7,,,,
221,28140,동구,송림동,제2종일반주거지역,대,19,"1,833",2006,11,10,,,,
222,28140,동구,송림동,제2종일반주거지역,대,5,600,2006,11,14,,,,
223,28140,동구,송림동,제3종일반주거지역,대,40,"2,700",2006,11,14,,,,
224,28140,동구,송림동,제2종일반주거지역,대,3,370,2006,11,14,,,,
225,28140,동구,송림동,제2종일반주거지역,대,1,200,2006,11,14,,,,
226,28140,동구,송림동,제2종일반주거지역,대,2,250,2006,11,14,,,,
227,28140,동구,송림동,제2종일반주거지역,대,2,290,2006,11,14,,,,
228,28140,동구,송림동,제2종일반주거지역,대,1,190,2006,11,14,,,,
229,28140,동구,송림동,제3종일반주거지역,대,2,260,2006,11,15,,,,
230,28140,동구,송림동,제3종일반주거지역,대,15,900,2006,11,15,,,,
231,28140,동구,송림동,제3종일반주거지역,대,2,200,2006,11,15,,,,
232,28140,동구,송림동,준주거지역,대,2,193,2006,11,16,,,,
233,28140,동구,송림동,준주거지역,대,15,"1,447",2006,11,16,,,,
234,28140,동구,송림동,준주거지역,대,105,"9,000",2006,11,17,,,,
235,28140,동구,송림동,일반상업지역,대,94,"7,500",2006,11,20,,,,
236,28140,동구,송림동,제2종일반주거지역,대,40,"1,300",2006,11,20,,,,
237,28140,동구,송림동,제2종일반주거지역,학교용지,26,"1,399",2006,11,20,,,,
238,28140,동구,송림동,제2종일반주거지역,학교용지,68,"3,580",2006,11,20,,,,
239,28140,동구,송림동,제2종일반주거지역,도로,7,100,2006,11,21,,,,
240,28140,동구,만석동,일반공업지역,잡종지,826,"56,408",2006,12,6,,,,
241,28140,동구,만석동,제3종일반주거지역,대,58,"3,336",2006,12,8,,,,
242,28140,동구,만석동,제3종일반주거지역,대,76,"4,000",2006,12,11,,,,
243,28140,동구,만석동,일반공업지역,도로,75,"4,554",2006,12,18,,,,
244,28140,동구,화수동,일반공업지역,대,640,"45,000",2006,12,21,,,,
245,28140,동구,송현동,일반상업지역,대,14,"1,400",2006,12,6,,,,
246,28140,동구,송현동,일반상업지역,대,36,"3,601",2006,12,6,,,,
247,28140,동구,창영동,제2종일반주거지역,대,66,"5,400",2006,12,8,,,,
248,28140,동구,송림동,준주거지역,대,56,"3,647",2006,12,1,,,,
249,28140,동구,송림동,준주거지역,대,2,500,2006,12,8,,,,
250,28140,동구,송림동,준주거지역,대,18,"2,700",2006,12,8,,,,
251,28140,동구,송림동,제3종일반주거지역,대,1,55,2006,12,11,,,,
252,28140,동구,송림동,제3종일반주거지역,대,3,175,2006,12,11,,,,
253,28140,동구,송림동,제3종일반주거지역,대,36,"1,940",2006,12,11,,,,
254,28140,동구,송림동,제3종일반주거지역,대,87,"4,680",2006,12,11,,,,
255,28140,동구,송림동,제2종일반주거지역,학교용지,27,"1,455",2006,12,12,,,,
256,28140,동구,송림동,제2종일반주거지역,학교용지,42,"2,238",2006,12,12,,,,
257,28140,동구,송림동,제2종일반주거지역,대,2,180,2006,12,18,,,,
258,28140,동구,송림동,제2종일반주거지역,대,3,201,2006,12,18,,,,
259,28140,동구,송림동,제2종일반주거지역,대,2,142,2006,12,18,,,,
260,28140,동구,송림동,제2종일반주거지역,대,4,274,2006,12,18,,,,
261,28140,동구,송림동,준주거지역,대,39,"4,000",2006,12,19,,,,
262,28140,동구,송림동,일반상업지역,대,43,"2,600",2006,12,20,,,,
263,28140,동구,송림동,제2종일반주거지역,대,39,"5,000",2006,12,20,,,,
264,28140,동구,송림동,준주거지역,대,123,"18,500",2006,12,26,,,,
265,28140,동구,송림동,제2종일반주거지역,대,1,146,2006,12,28,,,,
266,28140,동구,송림동,제2종일반주거지역,대,1,275,2006,12,28,,,,
267,28140,동구,송림동,제2종일반주거지역,대,1,254,2006,12,28,,,,
268,28140,동구,송림동,제2종일반주거지역,대,2,510,2006,12,28,,,,
269,28140,동구,송림동,제2종일반주거지역,대,3,616,2006,12,28,,,,
270,28140,동구,송림동,일반상업지역,대,25,"2,000",2006,12,31,,,,
271,28140,동구,만석동,제3종일반주거지역,대,53,"3,050",2007,1,3,,,,
272,28140,동구,만석동,일반공업지역,도로,17,"1,560",2007,1,22,,,,
273,28140,동구,만석동,일반공업지역,공장용지,"1,063","96,510",2007,1,22,,,,
274,28140,동구,만석동,일반공업지역,공장용지,"1,063","96,510",2007,1,22,,,,
275,28140,동구,만석동,일반공업지역,도로,14,"1,260",2007,1,22,,,,
276,28140,동구,만석동,일반공업지역,공장용지,"1,063","96,510",2007,1,22,,,,
277,28140,동구,만석동,일반공업지역,공장용지,"2,127","193,050",2007,1,22,,,,
278,28140,동구,만석동,일반공업지역,도로,8,780,2007,1,22,,,,
279,28140,동구,송현동,제2종일반주거지역,대,329,"12,700",2007,1,10,,,,
280,28140,동구,송현동,제2종일반주거지역,대,20,"3,762",2007,1,20,,,,
281,28140,동구,창영동,제2종일반주거지역,대,36,"4,000",2007,1,27,,,,
282,28140,동구,송림동,준주거지역,대,2,300,2007,1,5,,,,
283,28140,동구,송림동,제2종일반주거지역,대,8,"1,000",2007,1,7,,,,
284,28140,동구,송림동,제2종일반주거지역,대,5,570,2007,1,8,,,,
285,28140,동구,송림동,제2종일반주거지역,대,7,618,2007,1,8,,,,
286,28140,동구,송림동,제2종일반주거지역,대,2,215,2007,1,8,,,,
287,28140,동구,송림동,제2종일반주거지역,대,6,700,2007,1,9,,,,
288,28140,동구,송림동,제2종일반주거지역,도로,11,"1,000",2007,1,10,,,,
289,28140,동구,송림동,제2종일반주거지역,대,29,"2,461",2007,1,10,,,,
290,28140,동구,송림동,제2종일반주거지역,대,1,167,2007,1,11,,,,
291,28140,동구,송림동,제2종일반주거지역,대,2,131,2007,1,15,,,,
292,28140,동구,송림동,제2종일반주거지역,대,4,504,2007,1,16,,,,
293,28140,동구,송림동,제2종일반주거지역,대,17,"1,451",2007,1,16,,,,
294,28140,동구,송림동,제2종일반주거지역,대,12,"1,338",2007,1,16,,,,
295,28140,동구,송림동,제2종일반주거지역,대,1,240,2007,1,17,,,,
296,28140,동구,송림동,제2종일반주거지역,대,2,314,2007,1,17,,,,
297,28140,동구,송림동,제2종일반주거지역,대,10,904,2007,1,17,,,,
298,28140,동구,송림동,제2종일반주거지역,대,7,833,2007,1,17,,,,
299,28140,동구,송림동,제2종일반주거지역,대,5,418,2007,1,17,,,,
300,28140,동구,송림동,제2종일반주거지역,대,2,230,2007,1,17,,,,
301,28140,동구,송림동,제2종일반주거지역,대,7,661,2007,1,17,,,,
302,28140,동구,송림동,제2종일반주거지역,대,5,610,2007,1,17,,,,
303,28140,동구,송림동,제2종일반주거지역,대,4,381,2007,1,17,,,,
304,28140,동구,송림동,제2종일반주거지역,대,3,351,2007,1,17,,,,
305,28140,동구,송림동,제2종일반주거지역,대,1,132,2007,1,17,,,,
306,28140,동구,송림동,제2종일반주거지역,대,1,132,2007,1,18,,,,
307,28140,동구,송림동,제2종일반주거지역,대,13,"1,080",2007,1,18,,,,
308,28140,동구,송림동,제2종일반주거지역,대,3,375,2007,1,18,,,,
309,28140,동구,송림동,제2종일반주거지역,대,3,351,2007,1,18,,,,
310,28140,동구,송림동,제2종일반주거지역,대,4,381,2007,1,18,,,,
311,28140,동구,송림동,제2종일반주거지역,대,9,996,2007,1,18,,,,
312,28140,동구,송림동,준주거지역,대,4,550,2007,1,19,,,,
313,28140,동구,송림동,일반상업지역,대,53,"3,551",2007,1,22,,,,
314,28140,동구,송림동,준주거지역,대,19,"1,000",2007,1,23,,,,
315,28140,동구,송림동,제2종일반주거지역,대,1,154,2007,1,24,,,,
316,28140,동구,송림동,제2종일반주거지역,대,2,212,2007,1,25,,,,
317,28140,동구,송림동,제3종일반주거지역,대,27,"3,347",2007,1,29,,,,
318,28140,동구,송림동,제3종일반주거지역,대,3,435,2007,1,29,,,,
319,28140,동구,송림동,제2종일반주거지역,대,6,501,2007,1,29,,,,
320,28140,동구,송림동,제3종일반주거지역,대,4,534,2007,1,29,,,,
321,28140,동구,송림동,준주거지역,대,17,"1,381",2007,1,30,,,,
322,28140,동구,송림동,준주거지역,대,14,"1,152",2007,1,30,,,,
323,28140,동구,송림동,준주거지역,대,15,"1,201",2007,1,30,,,,
324,28140,동구,송림동,준주거지역,잡종지,15,"1,231",2007,1,30,,,,
325,28140,동구,송림동,제2종일반주거지역,대,5,418,2007,1,30,,,,
326,28140,동구,만석동,일반공업지역,도로,21,"1,800",2007,2,9,,,,
327,28140,동구,만석동,일반공업지역,도로,13,"1,100",2007,2,9,,,,
328,28140,동구,만석동,일반공업지역,공장용지,"1,599","145,140",2007,2,9,,,,
329,28140,동구,만석동,일반공업지역,도로,19,"1,749",2007,2,9,,,,
330,28140,동구,만석동,일반공업지역,도로,11,999,2007,2,9,,,,
331,28140,동구,화수동,제3종일반주거지역,대,5,350,2007,2,15,,,,
332,28140,동구,화평동,제3종일반주거지역,대,12,"1,256",2007,2,15,,,,
333,28140,동구,화평동,제3종일반주거지역,대,146,"14,000",2007,2,28,,,,
334,28140,동구,화평동,제3종일반주거지역,대,174,"17,000",2007,2,28,,,,
335,28140,동구,송림동,제2종일반주거지역,대,1,131,2007,2,1,,,,
336,28140,동구,송림동,제2종일반주거지역,대,4,439,2007,2,2,,,,
337,28140,동구,송림동,제2종일반주거지역,대,1,165,2007,2,2,,,,
338,28140,동구,송림동,제2종일반주거지역,대,5,476,2007,2,2,,,,
339,28140,동구,송림동,제2종일반주거지역,대,1,123,2007,2,6,,,,
340,28140,동구,송림동,제2종일반주거지역,대,1,94,2007,2,6,,,,
341,28140,동구,송림동,제2종일반주거지역,대,1,113,2007,2,6,,,,
342,28140,동구,송림동,제2종일반주거지역,대,7,"1,000",2007,2,7,,,,
343,28140,동구,송림동,제2종일반주거지역,대,15,"1,288",2007,2,7,,,,
344,28140,동구,송림동,제2종일반주거지역,대,3,279,2007,2,8,,,,
345,28140,동구,송림동,제2종일반주거지역,대,2,450,2007,2,9,,,,
346,28140,동구,송림동,제2종일반주거지역,대,1,230,2007,2,9,,,,
347,28140,동구,송림동,제2종일반주거지역,대,4,650,2007,2,9,,,,
348,28140,동구,송림동,제2종일반주거지역,대,2,320,2007,2,9,,,,
349,28140,동구,송림동,제2종일반주거지역,대,1,290,2007,2,9,,,,
350,28140,동구,송림동,준주거지역,대,64,"4,256",2007,2,10,,,,
351,28140,동구,송림동,준주거지역,대,29,"2,230",2007,2,14,,,,
352,28140,동구,송림동,준주거지역,대,87,"4,462",2007,2,14,,,,
353,28140,동구,송림동,제2종일반주거지역,대,1,240,2007,2,18,,,,
354,28140,동구,송림동,제2종일반주거지역,대,124,"6,405",2007,2,21,,,,
355,28140,동구,송림동,제2종일반주거지역,대,3,279,2007,2,23,,,,
356,28140,동구,송림동,제2종일반주거지역,대,3,370,2007,2,25,,,,
357,28140,동구,송림동,준주거지역,대,41,"4,727",2007,2,27,,,,
358,28140,동구,창영동,제3종일반주거지역,도로,13,830,2007,3,2,,,,
359,28140,동구,송림동,일반상업지역,대,394,"71,500",2007,3,7,,,,
360,28140,동구,송림동,준주거지역,대,99,"6,584",2007,3,18,,,,
361,28140,동구,송림동,제2종일반주거지역,대,1,94,2007,3,27,,,,
362,28140,동구,송림동,제2종일반주거지역,대,1,117,2007,3,27,,,,
363,28140,동구,송림동,일반상업지역,대,30,"11,000",2007,3,28,,,,
364,28140,동구,송림동,일반상업지역,대,68,"27,000",2007,3,28,,,,
365,28140,동구,송림동,제2종일반주거지역,대,1,125,2007,3,29,,,,
366,28140,동구,송림동,일반상업지역,대,25,"2,800",2007,3,30,,,,
367,28140,동구,송림동,제2종일반주거지역,대,20,"1,702",2007,3,30,,,,
368,28140,동구,송현동,일반상업지역,대,26,"3,150",2007,4,5,,,,
369,28140,동구,송현동,일반상업지역,대,12,"1,350",2007,4,5,,,,
370,28140,동구,창영동,제2종일반주거지역,대,35,"1,343",2007,4,16,,,,
371,28140,동구,송림동,제2종일반주거지역,대,7,258,2007,4,5,,,,
372,28140,동구,송림동,일반상업지역,대,25,"2,400",2007,4,8,,,,
373,28140,동구,송림동,제2종일반주거지역,대,7,500,2007,4,10,,,,
374,28140,동구,송림동,준주거지역,대,9,991,2007,4,10,,,,
375,28140,동구,송림동,준주거지역,대,52,"4,000",2007,4,10,,,,
376,28140,동구,송림동,준주거지역,대,23,"2,534",2007,4,10,,,,
377,28140,동구,송림동,준주거지역,대,13,"1,432",2007,4,10,,,,
378,28140,동구,송림동,제2종일반주거지역,대,18,"1,000",2007,4,10,,,,
379,28140,동구,송림동,제2종일반주거지역,대,8,500,2007,4,10,,,,
380,28140,동구,송림동,제2종일반주거지역,대,66,"8,400",2007,4,15,,,,
381,28140,동구,송림동,제2종일반주거지역,대,4,371,2007,4,16,,,,
382,28140,동구,송림동,제2종일반주거지역,대,7,200,2007,4,20,,,,
383,28140,동구,송림동,제2종일반주거지역,대,1,207,2007,4,23,,,,
384,28140,동구,송림동,제2종일반주거지역,대,7,595,2007,4,23,,,,
385,28140,동구,송림동,제2종일반주거지역,대,5,548,2007,4,23,,,,
386,28140,동구,송림동,제2종일반주거지역,대,66,"11,500",2007,4,28,,,,
387,28140,동구,송림동,준주거지역,대,45,"3,024",2007,4,29,,,,
388,28140,동구,송림동,제2종일반주거지역,대,2,190,2007,4,30,,,,
389,28140,동구,만석동,일반공업지역,공장용지,665,"74,500",2007,5,22,,,,
390,28140,동구,만석동,일반공업지역,공장용지,662,"74,500",2007,5,22,,,,
391,28140,동구,송현동,일반상업지역,대,73,"20,679",2007,5,10,,,,
392,28140,동구,송현동,일반상업지역,대,79,"22,379",2007,5,10,,,,
393,28140,동구,송현동,일반상업지역,대,53,"15,014",2007,5,10,,,,
394,28140,동구,송현동,일반상업지역,대,43,"12,181",2007,5,10,,,,
395,28140,동구,송현동,일반상업지역,대,69,"19,546",2007,5,10,,,,
396,28140,동구,송현동,일반상업지역,대,23,"6,515",2007,5,10,,,,
397,28140,동구,송현동,일반상업지역,대,26,"7,365",2007,5,10,,,,
398,28140,동구,송현동,일반상업지역,대,16,"4,534",2007,5,10,,,,
399,28140,동구,송현동,일반상업지역,대,33,"9,348",2007,5,10,,,,
400,28140,동구,송현동,일반상업지역,대,53,"15,014",2007,5,10,,,,
401,28140,동구,송현동,일반상업지역,대,34,"6,915",2007,5,15,,,,
402,28140,동구,송림동,준주거지역,대,56,"3,880",2007,5,1,,,,
403,28140,동구,송림동,준주거지역,대,32,"2,140",2007,5,4,,,,
404,28140,동구,송림동,준주거지역,대,26,"2,044",2007,5,4,,,,
405,28140,동구,송림동,준주거지역,대,86,"5,898",2007,5,11,,,,
406,28140,동구,송림동,제2종일반주거지역,대,4,650,2007,5,11,,,,
407,28140,동구,송림동,제2종일반주거지역,대,9,900,2007,5,11,,,,
408,28140,동구,송림동,제2종일반주거지역,대,4,700,2007,5,11,,,,
409,28140,동구,송림동,제2종일반주거지역,대,3,550,2007,5,11,,,,
410,28140,동구,송림동,제2종일반주거지역,대,6,600,2007,5,11,,,,
411,28140,동구,송림동,준주거지역,대,118,"10,463",2007,5,14,,,,
412,28140,동구,송림동,준주거지역,대,43,"4,414",2007,5,20,,,,
413,28140,동구,송림동,제2종일반주거지역,대,32,"5,700",2007,5,21,,,,
414,28140,동구,송림동,일반상업지역,대,17,"1,500",2007,5,25,,,,
415,28140,동구,송림동,일반상업지역,대,30,"3,000",2007,5,25,,,,
416,28140,동구,송림동,일반상업지역,대,31,"3,000",2007,5,25,,,,
417,28140,동구,송림동,제2종일반주거지역,대,1,107,2007,5,25,,,,
418,28140,동구,송림동,제2종일반주거지역,대,4,256,2007,5,25,,,,
419,28140,동구,송림동,일반상업지역,대,16,"1,000",2007,5,25,,,,
420,28140,동구,송림동,일반상업지역,대,4,500,2007,5,25,,,,
421,28140,동구,송림동,일반상업지역,대,8,"1,000",2007,5,25,,,,
422,28140,동구,만석동,제3종일반주거지역,대,78,"6,414",2007,6,22,,,,
423,28140,동구,송현동,제3종일반주거지역,대,50,"3,963",2007,6,15,,,,
424,28140,동구,송림동,준주거지역,대,116,"12,033",2007,6,5,,,,
425,28140,동구,송림동,준주거지역,대,73,"6,675",2007,6,7,,,,
426,28140,동구,송림동,준주거지역,대,26,"2,378",2007,6,7,,,,
427,28140,동구,송림동,제2종일반주거지역,대,70,"3,743",2007,6,15,,,,
428,28140,동구,송림동,일반상업지역,도로,7,176,2007,6,21,,,,
429,28140,동구,송림동,제2종일반주거지역,대,73,"5,000",2007,6,27,,,,
430,28140,동구,화수동,제3종일반주거지역,대,5,400,2007,7,10,,,,
431,28140,동구,화수동,제3종일반주거지역,대,73,"4,000",2007,7,10,,,,
432,28140,동구,화수동,제3종일반주거지역,대,303,"15,200",2007,7,25,,,,
433,28140,동구,화수동,일반공업지역,대,292,"20,500",2007,7,31,,,,
434,28140,동구,송림동,제2종일반주거지역,대,4,420,2007,7,2,,,,
435,28140,동구,송림동,제2종일반주거지역,도로,3,200,2007,7,2,,,,
436,28140,동구,송림동,제2종일반주거지역,대,61,"4,300",2007,7,2,,,,
437,28140,동구,송림동,제2종일반주거지역,대,55,"5,440",2007,7,3,,,,
438,28140,동구,송림동,준주거지역,대,117,"8,186",2007,7,4,,,,
439,28140,동구,송림동,제2종일반주거지역,대,4,373,2007,7,4,,,,
440,28140,동구,송림동,제2종일반주거지역,대,2,190,2007,7,4,,,,
441,28140,동구,송림동,준주거지역,대,56,"5,237",2007,7,9,,,,
442,28140,동구,송림동,준주거지역,대,36,"3,210",2007,7,20,,,,
443,28140,동구,송림동,제3종일반주거지역,대,329,"29,873",2007,7,30,,,,
444,28140,동구,송림동,제2종일반주거지역,대,187,"17,000",2007,7,30,,,,
445,28140,동구,송림동,제2종일반주거지역,도로,5,527,2007,7,30,,,,
446,28140,동구,만석동,제3종일반주거지역,대,26,"1,400",2007,8,14,,,,
447,28140,동구,만석동,제3종일반주거지역,대,3,334,2007,8,25,,,,
448,28140,동구,만석동,제3종일반주거지역,대,3,334,2007,8,25,,,,
449,28140,동구,화수동,제3종일반주거지역,대,17,991,2007,8,2,,,,
450,28140,동구,화수동,제3종일반주거지역,대,20,"1,060",2007,8,25,,,,
451,28140,동구,화수동,제3종일반주거지역,대,2,200,2007,8,25,,,,
452,28140,동구,화수동,제3종일반주거지역,대,6,"1,080",2007,8,25,,,,
453,28140,동구,화평동,제3종일반주거지역,대,103,"6,009",2007,8,2,,,,
454,28140,동구,금곡동,제2종일반주거지역,대,11,"1,285",2007,8,29,,,,
455,28140,동구,송림동,제2종일반주거지역,대,3,268,2007,8,1,,,,
456,28140,동구,송림동,제2종일반주거지역,대,2,219,2007,8,3,,,,
457,28140,동구,송림동,준주거지역,대,35,"2,352",2007,8,7,,,,
458,28140,동구,송림동,준주거지역,대,67,"4,502",2007,8,7,,,,
459,28140,동구,송림동,일반상업지역,대,16,"1,700",2007,8,12,,,,
460,28140,동구,송림동,준주거지역,도로,3,300,2007,8,20,,,,
461,28140,동구,송림동,일반상업지역,대,46,"1,700",2007,8,20,,,,
462,28140,동구,송림동,준주거지역,대,23,"1,577",2007,8,21,,,,
463,28140,동구,송림동,제2종일반주거지역,대,2,189,2007,8,22,,,,
464,28140,동구,송림동,제2종일반주거지역,대,1,156,2007,8,22,,,,
465,28140,동구,송림동,제2종일반주거지역,대,1,154,2007,8,23,,,,
466,28140,동구,송림동,준주거지역,대,36,"2,464",2007,8,24,,,,
467,28140,동구,송림동,준주거지역,대,45,"4,103",2007,8,30,,,,
468,28140,동구,만석동,일반공업지역,공장용지,"1,019","110,880",2007,9,3,,,,
469,28140,동구,만석동,제3종일반주거지역,대,1,50,2007,9,4,,,,
470,28140,동구,만석동,일반공업지역,공장용지,"1,019","105,000",2007,9,5,,,,
471,28140,동구,만석동,일반공업지역,도로,51,"1,339",2007,9,5,,,,
472,28140,동구,만석동,일반공업지역,공장용지,"1,206","135,000",2007,9,10,,,,
473,28140,동구,만석동,일반공업지역,공장용지,909,"100,000",2007,9,14,,,,
474,28140,동구,화수동,제3종일반주거지역,대,2,90,2007,9,1,,,,
475,28140,동구,화수동,제3종일반주거지역,대,6,600,2007,9,1,,,,
476,28140,동구,화수동,제3종일반주거지역,대,5,400,2007,9,17,,,,
477,28140,동구,금곡동,일반상업지역,대,8,"1,065",2007,9,11,,,,
478,28140,동구,송림동,일반상업지역,대,25,"2,000",2007,9,4,,,,
479,28140,동구,송림동,제2종일반주거지역,대,59,"5,070",2007,9,5,,,,
480,28140,동구,송림동,일반상업지역,대,45,"1,500",2007,9,5,,,,
481,28140,동구,송림동,준주거지역,대,52,"4,490",2007,9,5,,,,
482,28140,동구,송림동,준주거지역,대,22,"1,299",2007,9,5,,,,
483,28140,동구,송림동,일반상업지역,대,21,"2,762",2007,9,11,,,,
484,28140,동구,송림동,일반상업지역,잡종지,15,"1,973",2007,9,11,,,,
485,28140,동구,송림동,일반상업지역,대,101,"13,282",2007,9,11,,,,
486,28140,동구,송림동,준주거지역,대,5,258,2007,9,21,,,,
487,28140,동구,송림동,제3종일반주거지역,대,7,"1,350",2007,9,21,,,,
488,28140,동구,송림동,제2종일반주거지역,대,11,794,2007,9,27,,,,
489,28140,동구,만석동,제2종일반주거지역,대,11,"1,541",2007,10,4,,,,
490,28140,동구,만석동,일반공업지역,공장용지,"1,206","120,450",2007,10,13,,,,
491,28140,동구,만석동,일반공업지역,공장용지,"1,170","116,810",2007,10,13,,,,
492,28140,동구,만석동,일반공업지역,공장용지,"1,212","120,990",2007,10,13,,,,
493,28140,동구,만석동,일반공업지역,공장용지,"1,206","120,450",2007,10,13,,,,
494,28140,동구,만석동,일반공업지역,공장용지,"1,019","101,750",2007,10,13,,,,
495,28140,동구,만석동,일반공업지역,공장용지,191,"21,680",2007,10,13,,,,
496,28140,동구,만석동,일반공업지역,공장용지,996,"113,010",2007,10,13,,,,
497,28140,동구,만석동,일반공업지역,공장용지,293,"29,310",2007,10,13,,,,
498,28140,동구,만석동,일반공업지역,공장용지,296,"29,560",2007,10,13,,,,
499,28140,동구,만석동,일반공업지역,공장용지,987,"89,652",2007,10,16,,,,
500,28140,동구,만석동,일반공업지역,공장용지,696,"63,189",2007,10,16,,,,
501,28140,동구,만석동,일반공업지역,공장용지,988,"89,724",2007,10,16,,,,
502,28140,동구,만석동,일반공업지역,공장용지,693,"62,961",2007,10,16,,,,
503,28140,동구,만석동,일반공업지역,공장용지,"1,653","150,054",2007,10,16,,,,
504,28140,동구,만석동,일반공업지역,공장용지,"2,307","209,433",2007,10,16,,,,
505,28140,동구,만석동,일반공업지역,공장용지,"1,650","149,811",2007,10,16,,,,
506,28140,동구,만석동,일반공업지역,공장용지,656,"59,613",2007,10,16,,,,
507,28140,동구,만석동,일반공업지역,공장용지,991,"113,990",2007,10,18,,,,
508,28140,동구,만석동,일반공업지역,공장용지,991,"112,490",2007,10,18,,,,
509,28140,동구,만석동,일반공업지역,공장용지,661,"75,000",2007,10,24,,,,
510,28140,동구,만석동,일반공업지역,공장용지,340,"38,625",2007,10,24,,,,
511,28140,동구,만석동,일반공업지역,공장용지,192,"21,745",2007,10,24,,,,
512,28140,동구,화수동,준공업지역,대,10,934,2007,10,4,,,,
513,28140,동구,송현동,일반상업지역,대,53,"7,000",2007,10,5,,,,
514,28140,동구,화평동,제3종일반주거지역,대,1,87,2007,10,23,,,,
515,28140,동구,창영동,제2종일반주거지역,도로,75,"2,200",2007,10,25,,,,
516,28140,동구,창영동,제2종일반주거지역,대,14,200,2007,10,25,,,,
517,28140,동구,창영동,제2종일반주거지역,대,9,100,2007,10,25,,,,
518,28140,동구,송림동,제2종일반주거지역,대,55,"7,000",2007,10,4,,,,
519,28140,동구,송림동,준주거지역,잡종지,15,"3,281",2007,10,5,,,,
520,28140,동구,송림동,준주거지역,대,14,"3,070",2007,10,5,,,,
521,28140,동구,송림동,준주거지역,대,15,"3,202",2007,10,5,,,,
522,28140,동구,송림동,준주거지역,대,17,"3,682",2007,10,5,,,,
523,28140,동구,송림동,준주거지역,대,87,"12,988",2007,10,5,,,,
524,28140,동구,송림동,준주거지역,대,59,"11,342",2007,10,8,,,,
525,28140,동구,송림동,준주거지역,대,50,"11,324",2007,10,10,,,,
526,28140,동구,송림동,제2종일반주거지역,대,116,"8,500",2007,10,13,,,,
527,28140,동구,송림동,준주거지역,도로,4,200,2007,10,15,,,,
528,28140,동구,송림동,제2종일반주거지역,대,1,108,2007,10,16,,,,
529,28140,동구,송림동,제2종일반주거지역,대,1,172,2007,10,19,,,,
530,28140,동구,송림동,제2종일반주거지역,대,3,402,2007,10,24,,,,
531,28140,동구,송림동,제2종일반주거지역,대,9,"1,066",2007,10,24,,,,
532,28140,동구,송림동,제2종일반주거지역,대,13,"1,156",2007,10,24,,,,
533,28140,동구,송림동,준주거지역,대,53,"6,819",2007,10,28,,,,
534,28140,동구,송림동,준주거지역,대,4,517,2007,10,28,,,,
535,28140,동구,송림동,준주거지역,대,16,"2,143",2007,10,28,,,,
536,28140,동구,송림동,준주거지역,대,23,"2,954",2007,10,28,,,,
537,28140,동구,송림동,준주거지역,잡종지,16,"1,196",2007,10,28,,,,
538,28140,동구,송림동,준주거지역,잡종지,1,"1,065",2007,10,28,,,,
539,28140,동구,송림동,준주거지역,대,14,"1,810",2007,10,28,,,,
540,28140,동구,송림동,제2종일반주거지역,대,8,661,2007,10,31,,,,
541,28140,동구,송림동,제2종일반주거지역,대,4,440,2007,10,31,,,,
542,28140,동구,송림동,제2종일반주거지역,대,17,"1,874",2007,10,31,,,,
543,28140,동구,송림동,제2종일반주거지역,대,11,"1,212",2007,10,31,,,,
544,28140,동구,송림동,제2종일반주거지역,대,7,771,2007,10,31,,,,
545,28140,동구,만석동,일반공업지역,공장용지,693,"78,000",2007,11,27,,,,
546,28140,동구,만석동,제3종일반주거지역,대,31,"4,150",2007,11,30,,,,
547,28140,동구,금곡동,제2종일반주거지역,대,14,"3,700",2007,11,6,,,,
548,28140,동구,금곡동,일반상업지역,대,4,590,2007,11,9,,,,
549,28140,동구,송림동,제3종일반주거지역,대,21,"2,700",2007,11,2,,,,
550,28140,동구,송림동,준주거지역,대,6,"4,272",2007,11,8,,,,
551,28140,동구,송림동,준주거지역,대,25,"5,165",2007,11,8,,,,
552,28140,동구,송림동,일반상업지역,대,20,"2,620",2007,11,9,,,,
553,28140,동구,송림동,제2종일반주거지역,대,2,130,2007,11,12,,,,
554,28140,동구,송림동,제2종일반주거지역,대,1,148,2007,11,14,,,,
555,28140,동구,송림동,일반상업지역,대,7,750,2007,11,18,,,,
556,28140,동구,송림동,일반상업지역,대,1,150,2007,11,18,,,,
557,28140,동구,만석동,제3종일반주거지역,대,34,"2,100",2007,12,10,,,,
558,28140,동구,만석동,제3종일반주거지역,대,9,804,2007,12,13,,,,
559,28140,동구,만석동,일반공업지역,공장용지,"1,653","125,000",2007,12,14,,,,
560,28140,동구,만석동,일반공업지역,공장용지,"1,206","143,000",2007,12,17,,,,
561,28140,동구,송현동,제3종일반주거지역,대,325,"27,000",2007,12,22,,,,
562,28140,동구,송림동,준주거지역,대,78,"3,804",2007,12,1,,,,
563,28140,동구,송림동,준주거지역,잡종지,12,"1,076",2007,12,1,,,,
564,28140,동구,송림동,준주거지역,대,15,"1,309",2007,12,1,,,,
565,28140,동구,송림동,준주거지역,대,18,"1,349",2007,12,1,,,,
566,28140,동구,송림동,준주거지역,대,5,723,2007,12,1,,,,
567,28140,동구,송림동,준주거지역,대,19,"1,394",2007,12,1,,,,
568,28140,동구,송림동,준주거지역,잡종지,1,483,2007,12,1,,,,
569,28140,동구,송림동,준주거지역,대,37,"11,867",2007,12,25,,,,
570,28140,동구,만석동,일반공업지역,도로,21,"2,300",2008,1,30,,,,
571,28140,동구,만석동,일반공업지역,도로,13,"1,500",2008,1,30,,,,
572,28140,동구,화수동,제3종일반주거지역,대,5,350,2008,1,7,,,,
573,28140,동구,송림동,준주거지역,대,66,"5,800",2008,1,2,,,,
574,28140,동구,송림동,제2종일반주거지역,대,15,"1,000",2008,1,7,,,,
575,28140,동구,송림동,제2종일반주거지역,대,7,500,2008,1,7,,,,
576,28140,동구,송림동,제2종일반주거지역,대,5,600,2008,1,7,,,,
577,28140,동구,송림동,제2종일반주거지역,대,5,700,2008,1,7,,,,
578,28140,동구,송림동,제2종일반주거지역,대,11,"1,000",2008,1,7,,,,
579,28140,동구,송림동,제2종일반주거지역,대,3,500,2008,1,7,,,,
580,28140,동구,송림동,준주거지역,대,142,"22,781",2008,1,8,,,,
581,28140,동구,송림동,제2종일반주거지역,도로,1,130,2008,1,14,,,,
582,28140,동구,송림동,준주거지역,대,2,400,2008,1,15,,,,
583,28140,동구,송림동,준주거지역,대,26,"3,250",2008,1,15,,,,
584,28140,동구,송림동,준주거지역,대,3,500,2008,1,15,,,,
585,28140,동구,송림동,준주거지역,대,4,252,2008,1,18,,,,
586,28140,동구,송림동,제2종일반주거지역,대,33,"2,052",2008,1,18,,,,
587,28140,동구,송림동,준주거지역,대,69,"15,747",2008,1,22,,,,
588,28140,동구,송림동,일반상업지역,도로,2,65,2008,1,28,,,,
589,28140,동구,송림동,일반상업지역,도로,5,132,2008,1,29,,,,
590,28140,동구,송림동,일반상업지역,도로,4,115,2008,1,29,,,,
591,28140,동구,송림동,일반상업지역,대,122,"11,901",2008,1,30,,,,
592,28140,동구,송림동,일반상업지역,대,36,"3,213",2008,1,30,,,,
593,28140,동구,송림동,제2종일반주거지역,대,63,"4,382",2008,1,30,,,,
594,28140,동구,만석동,제3종일반주거지역,대,10,657,2008,2,29,,,,
595,28140,동구,화수동,제3종일반주거지역,대,10,400,2008,2,11,,,,
596,28140,동구,창영동,제2종일반주거지역,대,36,"4,450",2008,2,15,,,,
597,28140,동구,송림동,일반상업지역,대,28,"4,000",2008,2,4,,,,
598,28140,동구,송림동,일반상업지역,대,79,"12,000",2008,2,4,,,,
599,28140,동구,송림동,일반상업지역,대,28,"4,000",2008,2,4,,,,
600,28140,동구,송림동,준주거지역,잡종지,1,340,2008,2,28,,,,
601,28140,동구,송림동,준주거지역,잡종지,13,"1,886",2008,2,28,,,,
602,28140,동구,송림동,준주거지역,대,5,883,2008,2,28,,,,
603,28140,동구,송림동,준주거지역,대,20,"2,841",2008,2,28,,,,
604,28140,동구,송림동,준주거지역,대,19,"2,776",2008,2,28,,,,
605,28140,동구,송림동,준주거지역,대,15,"2,719",2008,2,28,,,,
606,28140,동구,송림동,준주거지역,대,34,"5,056",2008,2,28,,,,
607,28140,동구,만석동,일반공업지역,공장용지,196,"20,638",2008,3,14,,,,
608,28140,동구,만석동,일반공업지역,도로,30,"3,159",2008,3,14,,,,
609,28140,동구,만석동,일반공업지역,공장용지,"2,998","315,704",2008,3,14,,,,
610,28140,동구,만석동,일반공업지역,도로,49,"5,159",2008,3,14,,,,
611,28140,동구,만석동,일반공업지역,공장용지,696,"76,000",2008,3,26,,,,
612,28140,동구,송림동,제2종일반주거지역,대,6,618,2008,3,6,,,,
613,28140,동구,송림동,제2종일반주거지역,대,13,895,2008,3,6,,,,
614,28140,동구,송림동,준주거지역,대,50,"16,494",2008,3,7,,,,
615,28140,동구,송림동,준주거지역,대,2,400,2008,3,11,,,,
616,28140,동구,송림동,제2종일반주거지역,대,62,"5,500",2008,3,16,,,,
617,28140,동구,송림동,제2종일반주거지역,대,41,"4,000",2008,3,18,,,,
618,28140,동구,송림동,제2종일반주거지역,대,64,"5,500",2008,3,18,,,,
619,28140,동구,송림동,준주거지역,대,62,"6,193",2008,3,22,,,,
620,28140,동구,송림동,준주거지역,대,5,"1,258",2008,3,22,,,,
621,28140,동구,송림동,준주거지역,대,15,"2,773",2008,3,22,,,,
622,28140,동구,송림동,준주거지역,대,14,"1,224",2008,3,22,,,,
623,28140,동구,송림동,준주거지역,대,83,"12,967",2008,3,22,,,,
624,28140,동구,송림동,준주거지역,대,3,400,2008,3,24,,,,
625,28140,동구,송림동,제2종일반주거지역,대,46,"3,500",2008,3,25,,,,
626,28140,동구,송림동,일반상업지역,도로,8,100,2008,3,25,,,,
627,28140,동구,만석동,일반공업지역,공장용지,"2,543","242,278",2008,4,2,,,,
628,28140,동구,만석동,일반공업지역,도로,21,"2,024",2008,4,2,,,,
629,28140,동구,만석동,일반공업지역,도로,69,"6,502",2008,4,2,,,,
630,28140,동구,만석동,일반공업지역,도로,327,"30,823",2008,4,2,,,,
631,28140,동구,만석동,일반공업지역,도로,42,"4,018",2008,4,2,,,,
632,28140,동구,만석동,일반공업지역,공장용지,"1,688","158,985",2008,4,2,,,,
633,28140,동구,만석동,일반공업지역,도로,34,"3,275",2008,4,2,,,,
634,28140,동구,만석동,일반공업지역,도로,162,"15,524",2008,4,2,,,,
635,28140,동구,화수동,제3종일반주거지역,대,400,"49,000",2008,4,7,,,,
636,28140,동구,화수동,제3종일반주거지역,대,158,"15,000",2008,4,7,,,,
637,28140,동구,화수동,일반공업지역,대,112,"5,100",2008,4,11,,,,
638,28140,동구,창영동,제2종일반주거지역,대,59,"3,500",2008,4,2,,,,
639,28140,동구,송림동,제2종일반주거지역,대,59,"5,000",2008,4,2,,,,
640,28140,동구,송림동,제2종일반주거지역,대,116,"8,500",2008,4,2,,,,
641,28140,동구,송림동,준주거지역,대,13,"10,255",2008,4,6,,,,
642,28140,동구,송림동,준주거지역,대,10,"8,685",2008,4,7,,,,
643,28140,동구,송림동,준주거지역,대,67,"11,975",2008,4,10,,,,
644,28140,동구,송림동,준주거지역,대,9,"1,700",2008,4,10,,,,
645,28140,동구,송림동,준주거지역,대,4,813,2008,4,10,,,,
646,28140,동구,송림동,준주거지역,대,54,"3,591",2008,4,10,,,,
647,28140,동구,송림동,준주거지역,대,8,"1,478",2008,4,10,,,,
648,28140,동구,송림동,제2종일반주거지역,대,5,"1,980",2008,4,14,,,,
649,28140,동구,송림동,제2종일반주거지역,대,4,860,2008,4,14,,,,
650,28140,동구,송림동,제2종일반주거지역,대,2,540,2008,4,14,,,,
651,28140,동구,송림동,제2종일반주거지역,대,3,800,2008,4,14,,,,
652,28140,동구,송림동,제2종일반주거지역,대,8,"2,300",2008,4,14,,,,
653,28140,동구,송림동,일반상업지역,대,445,"69,195",2008,4,15,,,,
654,28140,동구,송림동,제2종일반주거지역,도로,20,100,2008,4,15,,,,
655,28140,동구,송림동,일반상업지역,대,69,"10,755",2008,4,15,,,,
656,28140,동구,송림동,제2종일반주거지역,대,11,"2,000",2008,4,16,,,,
657,28140,동구,송림동,준주거지역,대,61,"8,005",2008,4,17,,,,
658,28140,동구,송림동,준주거지역,전,37,"8,666",2008,4,18,,,,
659,28140,동구,만석동,제2종일반주거지역,대,39,"2,900",2008,5,2,,,,
660,28140,동구,만석동,일반공업지역,공장용지,988,"115,000",2008,5,9,,,,
661,28140,동구,만석동,일반공업지역,공장용지,661,"72,000",2008,5,16,,,,
662,28140,동구,만석동,일반공업지역,공장용지,"1,650","175,000",2008,5,22,,,,
663,28140,동구,만석동,일반공업지역,공장용지,326,"37,500",2008,5,26,,,,
664,28140,동구,화수동,제2종일반주거지역,대,53,"4,240",2008,5,15,,,,
665,28140,동구,화수동,제2종일반주거지역,대,12,980,2008,5,15,,,,
666,28140,동구,송현동,제3종일반주거지역,대,89,"8,000",2008,5,7,,,,
667,28140,동구,송현동,일반공업지역,공장용지,67,"14,400",2008,5,17,,,,
668,28140,동구,송현동,제2종일반주거지역,대,7,"1,330",2008,5,27,,,,
669,28140,동구,화평동,제3종일반주거지역,대,9,450,2008,5,12,,,,
670,28140,동구,금곡동,제2종일반주거지역,대,11,"1,400",2008,5,19,,,,
671,28140,동구,송림동,제2종일반주거지역,대,33,"3,000",2008,5,9,,,,
672,28140,동구,송림동,준주거지역,대,19,"2,225",2008,5,13,,,,
673,28140,동구,송림동,준주거지역,대,88,"18,279",2008,5,13,,,,
674,28140,동구,송림동,준주거지역,대,2,117,2008,5,13,,,,
675,28140,동구,송림동,준주거지역,대,2,164,2008,5,13,,,,
676,28140,동구,송림동,준주거지역,대,19,"1,777",2008,5,13,,,,
677,28140,동구,송림동,준주거지역,대,88,"11,939",2008,5,13,,,,
678,28140,동구,송림동,제3종일반주거지역,대,89,"6,500",2008,5,21,,,,
679,28140,동구,송림동,일반공업지역,대,52,"2,184",2008,5,22,,,,
680,28140,동구,송림동,준주거지역,대,17,"3,525",2008,5,22,,,,
681,28140,동구,송림동,준주거지역,대,50,"10,367",2008,5,22,,,,
682,28140,동구,송림동,준주거지역,대,17,"3,687",2008,5,24,,,,
683,28140,동구,송림동,준주거지역,잡종지,15,"3,285",2008,5,24,,,,
684,28140,동구,송림동,준주거지역,대,14,"3,074",2008,5,24,,,,
685,28140,동구,송림동,준주거지역,대,15,"3,206",2008,5,24,,,,
686,28140,동구,만석동,일반공업지역,공장용지,"2,307","240,000",2008,6,27,,,,
687,28140,동구,화수동,제3종일반주거지역,대,33,"8,000",2008,6,10,,,,
688,28140,동구,화수동,제3종일반주거지역,대,10,"8,000",2008,6,10,,,,
689,28140,동구,창영동,제3종일반주거지역,대,5,501,2008,6,9,,,,
690,28140,동구,송림동,제2종일반주거지역,도로,1,240,2008,6,2,,,,
691,28140,동구,송림동,제2종일반주거지역,대,46,"1,478",2008,6,11,,,,
692,28140,동구,송림동,제2종일반주거지역,도로,1,100,2008,6,19,,,,
693,28140,동구,송림동,제2종일반주거지역,대,15,"2,400",2008,6,19,,,,
694,28140,동구,송림동,준주거지역,대,14,"6,850",2008,6,21,,,,
695,28140,동구,송림동,준주거지역,대,16,"7,320",2008,6,21,,,,
696,28140,동구,송림동,제2종일반주거지역,대,14,"3,900",2008,6,27,,,,
697,28140,동구,송림동,준주거지역,대,22,611,2008,6,30,,,,
698,28140,동구,송림동,준주거지역,대,10,235,2008,6,30,,,,
699,28140,동구,송림동,준주거지역,대,7,153,2008,6,30,,,,
700,28140,동구,송림동,제2종일반주거지역,도로,33,"4,990",2008,7,1,,,,
701,28140,동구,송림동,일반상업지역,대,14,"1,300",2008,7,10,,,,
702,28140,동구,송림동,준주거지역,대,4,"3,135",2008,7,14,,,,
703,28140,동구,송림동,준주거지역,대,9,"3,617",2008,7,14,,,,
704,28140,동구,송림동,준주거지역,대,4,"3,156",2008,7,14,,,,
705,28140,동구,송림동,준주거지역,대,23,"5,041",2008,7,14,,,,
706,28140,동구,송림동,제2종일반주거지역,대,41,"2,987",2008,7,15,,,,
707,28140,동구,송림동,준주거지역,대,8,"1,000",2008,7,23,,,,
708,28140,동구,화수동,제3종일반주거지역,대,63,"7,600",2008,8,30,,,,
709,28140,동구,화수동,제3종일반주거지역,대,40,"3,300",2008,8,30,,,,
710,28140,동구,송현동,제3종일반주거지역,대,26,"4,761",2008,8,8,,,,
711,28140,동구,송현동,제2종일반주거지역,대,12,"3,804",2008,8,12,,,,
712,28140,동구,송현동,제2종일반주거지역,대,14,"2,300",2008,8,27,,,,
713,28140,동구,송현동,제3종일반주거지역,대,220,"21,500",2008,8,29,,,,
714,28140,동구,송현동,제3종일반주거지역,종교용지,"1,216","88,200",2008,8,30,,,,
715,28140,동구,창영동,제3종일반주거지역,대,7,655,2008,8,27,,,,
716,28140,동구,송림동,준주거지역,대,12,"3,860",2008,8,1,,,,
717,28140,동구,송림동,준주거지역,대,42,"12,922",2008,8,1,,,,
718,28140,동구,송림동,준주거지역,대,38,"7,762",2008,8,6,,,,
719,28140,동구,송림동,준주거지역,대,12,"5,995",2008,8,6,,,,
720,28140,동구,송림동,준주거지역,대,17,"3,900",2008,8,10,,,,
721,28140,동구,송림동,준주거지역,대,14,"3,251",2008,8,10,,,,
722,28140,동구,송림동,준주거지역,대,15,"3,393",2008,8,10,,,,
723,28140,동구,송림동,준주거지역,잡종지,15,"3,473",2008,8,10,,,,
724,28140,동구,송림동,준주거지역,대,20,"14,372",2008,8,18,,,,
725,28140,동구,송림동,준주거지역,대,22,"10,823",2008,8,22,,,,
726,28140,동구,송림동,제2종일반주거지역,대,17,80,2008,8,27,,,,
727,28140,동구,송림동,제2종일반주거지역,대,3,244,2008,8,29,,,,
728,28140,동구,송림동,준주거지역,대,17,"3,305",2008,8,29,,,,
729,28140,동구,송림동,준주거지역,잡종지,15,"2,945",2008,8,29,,,,
730,28140,동구,송림동,준주거지역,대,15,"2,874",2008,8,29,,,,
731,28140,동구,송림동,준주거지역,대,14,"2,755",2008,8,29,,,,
732,28140,동구,만석동,일반공업지역,도로,1,131,2008,9,27,,,,
733,28140,동구,만석동,일반공업지역,공장용지,"1,164","126,992",2008,9,27,,,,
734,28140,동구,만석동,일반공업지역,공장용지,95,"10,458",2008,9,27,,,,
735,28140,동구,화수동,제3종일반주거지역,대,4,360,2008,9,10,,,,
736,28140,동구,송림동,제2종일반주거지역,대,69,"8,000",2008,9,1,,,,
737,28140,동구,송림동,제2종일반주거지역,대,46,"3,908",2008,9,2,,,,
738,28140,동구,송림동,일반상업지역,대,110,"37,000",2008,9,25,,,,
739,28140,동구,송림동,일반상업지역,대,243,"5,000",2008,9,25,,,,
740,28140,동구,송현동,일반공업지역,도로,33,"5,567",2008,10,9,,,,
741,28140,동구,송현동,일반공업지역,잡종지,"1,250","210,674",2008,10,9,,,,
742,28140,동구,송현동,일반공업지역,잡종지,"1,072","180,674",2008,10,9,,,,
743,28140,동구,송현동,일반공업지역,잡종지,"1,363","229,719",2008,10,9,,,,
744,28140,동구,금곡동,제2종일반주거지역,대,5,400,2008,10,7,,,,
745,28140,동구,송림동,제2종일반주거지역,학교용지,41,"4,413",2008,10,1,,,,
746,28140,동구,송림동,일반상업지역,도로,7,200,2008,10,1,,,,
747,28140,동구,송림동,준주거지역,대,7,932,2008,10,2,,,,
748,28140,동구,송림동,제3종일반주거지역,대,26,"2,746",2008,10,8,,,,
749,28140,동구,송림동,제3종일반주거지역,대,52,"5,368",2008,10,8,,,,
750,28140,동구,송림동,제2종일반주거지역,학교용지,3,410,2008,10,9,,,,
751,28140,동구,송림동,일반상업지역,도로,7,250,2008,10,19,,,,
752,28140,동구,송림동,일반상업지역,도로,8,250,2008,10,22,,,,
753,28140,동구,화수동,제3종일반주거지역,대,10,"1,328",2008,11,26,,,,
754,28140,동구,송림동,제2종일반주거지역,대,40,"6,831",2008,11,25,,,,
755,28140,동구,송림동,준주거지역,대,33,"2,666",2008,11,27,,,,
756,28140,동구,송림동,준주거지역,대,5,434,2008,11,27,,,,
757,28140,동구,만석동,일반공업지역,공장용지,199,"11,400",2008,12,18,,,,
758,28140,동구,만석동,일반공업지역,공장용지,109,"8,942",2008,12,26,,,,
759,28140,동구,만석동,일반공업지역,공장용지,275,"22,508",2008,12,26,,,,
760,28140,동구,화수동,제3종일반주거지역,대,3,329,2008,12,19,,,,
761,28140,동구,송림동,제2종일반주거지역,대,82,"9,500",2008,12,20,,,,
762,28140,동구,만석동,일반공업지역,도로,58,"2,070",2009,1,5,,,,
763,28140,동구,만석동,일반공업지역,공장용지,66,"7,600",2009,1,5,,,,
764,28140,동구,만석동,일반공업지역,도로,61,"5,000",2009,1,9,,,,
765,28140,동구,창영동,제3종일반주거지역,대,52,"3,000",2009,1,12,,,,
766,28140,동구,송림동,일반공업지역,공장용지,"1,541","260,748",2009,1,12,,,,
767,28140,동구,송림동,일반공업지역,공장용지,"1,306","177,750",2009,1,12,,,,
768,28140,동구,송림동,일반공업지역,공장용지,"1,411","238,642",2009,1,12,,,,
769,28140,동구,송림동,일반공업지역,공장용지,341,"66,950",2009,1,12,,,,
770,28140,동구,송림동,일반공업지역,공장용지,965,"189,800",2009,1,12,,,,
771,28140,동구,송림동,일반공업지역,공장용지,341,"64,890",2009,1,30,,,,
772,28140,동구,만석동,일반공업지역,도로,35,"6,000",2009,2,4,,,,
773,28140,동구,송림동,제2종일반주거지역,대,267,"23,037",2009,2,17,,,,
774,28140,동구,만석동,일반공업지역,도로,140,"12,070",2009,3,3,,,,
775,28140,동구,만석동,일반공업지역,도로,35,"3,060",2009,3,3,,,,
776,28140,동구,만석동,일반공업지역,도로,22,"1,870",2009,3,3,,,,
777,28140,동구,송림동,제3종일반주거지역,대,50,"6,000",2009,3,3,,,,
778,28140,동구,송림동,제2종일반주거지역,학교용지,49,"5,836",2009,3,13,,,,
779,28140,동구,송림동,제2종일반주거지역,대,10,"1,047",2009,3,23,,,,
