매물번호,카테고리,거래분류,임대료,보증금,대지면적,연면적,부동산이름,매물확인날짜,광고형태,공개여부,상세주소,매물특징,매물설명,주소,건물이름
2206760348,지식산업센터,월세,100,"1,000",170,86,모아부동산컨설팅공인,20220304,,Y,1003호,제이타워3차 10층공장  전용26ㅍ ,"10층 공장 사무실
동력25kw(산업용380)  증설도가능
제조업  비제조업도 입주가능(단 지식산업센타 입주 가능 업종 기준)",인천광역시 부평구 청천동 426-1번지,부평 제이타워3차 지식산업센터
2206760179,공장,월세,100,"1,000",15788,170,모아부동산컨설팅공인,20220304,,N,619호,,"공장앞 주차 및 상하차 가능
층고5m
3.5톤 차량진입 가능
제조업및 비제조업도 입주가능( 지식산업센타 입주가능업종 기준) ",인천광역시 부평구 청천동 426-1번지,부평 제이타워3차 지식산업센터
2206759974,공장,월세,110,"1,200",15788,170,모아부동산컨설팅공인,20220304,,N,218호,공장내 차량진입 및 상하차가능 분양51 전용26ㅍ,"2층 공장 
층고5.5m
",인천광역시 부평구 청천동 426-1번지,부평 제이타워3차 지식산업센터
2206760244,지식산업센터,월세,100,"1,000",169,86,모아부동산컨설팅공인,20220304,,N,904호,공장내 차량진입 및 상하차가능 분양51 전용26,"9층 공장  층고5m
동력25kw(삼상380)  증설도 가능
제조업및 비제조업도 입주 가능(단 지식산업센타 입주업종 기준)
",인천광역시 부평구 청천동 426-1번지,부평 제이타워3차 지식산업센터
2206371345,지식산업센터,월세,100,"1,000",98,86,모아부동산컨설팅공인,20220303,현장,Y,817,제이타워3차8층 공장  전용26 베란다2.5 ,"8층공장
동력25kw(삼상380) 증설가능
층고5m  공장내 차량진입 및 상하차 가능
임가공,식품,창고,사무실,모두가능   ",인천광역시 부평구 청천동 426-1번지,부평 제이타워3차 지식산업센터
2206370506,공장,매매,,"3억 4,600",15788,170,모아부동산컨설팅공인,20220303,현장,Y,434,,"2개호실 동시에 매매 가능합니다.
층고5.5m
동력25kw(삼상380)     증설도 가능
공장내 차량진입 및 상하차 가능",인천광역시 부평구 청천동 426-1번지,부평 제이타워3차 지식산업센터
2206372841,공장,월세,70,"1,000",15788,100,모아부동산컨설팅공인,20220303,현장,Y,1252호,소형공장 및 사무실 전용15ㅍ,"12층 공장 및 사무실
동력10kw
화물승강기,인승기
",인천광역시 부평구 청천동 426-1번지,부평 제이타워3차 지식산업센터
2206679083,지식산업센터,월세,120,"1,200",169,86,제이타워공단부동산공인중개사사무소,20220303,,Y,214호,전용26 2층 저층 드라이브인 층고높음,"▣ 전용 약 26평
▣ 갈산역 / 부평IC 인근
▣ 건물 내 편의점, 카페, 식당 입점
▣ 부평국가산업단지
▣ 드라이브인 시스템, 호실 앞 주차 가능
▣ 화물승강기 有",인천광역시 부평구 청천동 426-1번지,부평 제이타워3차 지식산업센터
2206725068,공장,월세,100,"1,000",9983,86,공장24시공인중개사사무소,20220303,,N,1003호,2층 75ㅍ,*2층75평입니다,인천광역시 부평구 청천동 426-1번지,부평 제이타워3차 지식산업센터
2206443080,지식산업센터,월세,100,"1,000",170,86,모아부동산컨설팅공인,20220302,,Y,936호,제이타워3차 공장  전용26,"9층공장
공장앞 차량진입가능
층고5m
동력25kw(사용량만 자동 측정 전기료부과) 산업단지내라 전기요금이 저렴해요",인천광역시 부평구 청천동 426-1번지,부평 제이타워3차 지식산업센터
2206400080,지식산업센터,월세,120,"1,200",170,86,제이타워공단부동산공인중개사사무소,20220302,,Y,108호,전용26 저층 드라이브인 호실앞주차,"▣ 부평IC 바로 앞 지식산업센터
▣ 저층 임대
▣ 드라이브인 호실 앞 주차가능
▣ 구내식당, 은행, 커피숍, 스크린골프장 등 입점
▣ 신축 지식산업센터",인천광역시 부평구 청천동 426-1번지,부평 제이타워3차 지식산업센터
2206239148,공장,매매,,"3억 4,500",15788,114100,부평제이타워공인중개사사무소,20220226,,Y,434,저층 전용26ㅍ 발코니별도2.5ㅍ 6m높이의 소형신축공장,,인천광역시 부평구 청천동 426-1번지,부평 제이타워3차 지식산업센터
2206235649,지식산업센터,월세,100,"1,000",169,86,부평제이타워공인중개사사무소,20220226,,Y,1019,앞이 확트이고 깔끔한 소형공장 전용26ㅍ 발코니2.5ㅍ,,인천광역시 부평구 청천동 426-1번지,부평 제이타워3차 지식산업센터
2206238310,지식산업센터,매매,,"3억 7,000",169,86,부평제이타워공인중개사사무소,20220226,,Y,102,1층 전용26ㅍ 발코니별도2.5ㅍ 6.5m높이의 소형신축공장,,인천광역시 부평구 청천동 426-1번지,부평 제이타워3차 지식산업센터
2205891920,공장,월세,100,"1,000",15788,170,모아부동산컨설팅공인,20220225,현장,Y,612,공장내 차량진입 및 상하차가능  전용2ㅍ,"6층공장
층고5m
베란다2.5평 별도
전기 삼상380/25kw   증설도 가능",인천광역시 부평구 청천동 426-1번지,부평 제이타워3차 지식산업센터
2206113739,지식산업센터,월세,120,"1,000",169,86,부평제이타워공인중개사사무소,20220225,,Y,236,저층 저렴한임대 신축공장 전용26ㅍ 베란다 2.5ㅍ  호실앞주차,,인천광역시 부평구 청천동 426-1번지,부평 제이타워3차 지식산업센터
2205947499,지식산업센터,월세,120,"1,200",169,86,부평제이타워공인중개사사무소,20220224,소유자,Y,120호,1층 전용26ㅍ 발코니별도2.5ㅍ 6.5m높이의 소형신축공장,,인천광역시 부평구 청천동 426-1번지,부평 제이타워3차 지식산업센터
2205895363,중소형사무실,월세,70,"1,000",93,47,모아부동산컨설팅공인,20220224,,Y,1122호,,"11층 공장등록가능한 사무실
천장 텍스 마감
산업용전기 10~15kw사용가능
11층 주차가능
대형화물승강기",인천광역시 부평구 청천동 426-1번지,부평 제이타워3차 지식산업센터
2205810151,공장,매매,,3억,15788,95,(주)공단부동산공인중개사사무소,20220223,소유자,Y,부평 제이타워3차지식산업센터제101호,지식산업센터소형공장 전용26ㅍ 분양52ㅍ 층고5.5미터복층가 공장내차량 ,"**임대낀 매물임(수익률4~5%) 공장앞 주차도 가능합니다~ 
부평IC인접하여 물류접근성도 아주 좋습니다~ 
기타 궁금한 사항 및 국가산업단지 입주관련 전화문의주시면 
자세한 상담 도와 드리겠습니다~

--->이밖에 15p 30p 40p 50p 80p 100p 200p 300p 400p 500p~
1000p 2000p~ 하시 입주가~

# 청천동 부평공단내 단독공장 매각중입니다~
(250평-38억, 400평-54억, 500평-43억, 620평-95억
920평-95억, 1400평-190억, 1620평-215억)

# 부평구 지식산업센터 (구)아파트형공장 미계약분 분양중입니다~
(테타, 제타, 엠투, 유원등) 30p형~ 400만원대부터~
90%이상 대출가~ 저렴한이율 1.7%~",인천광역시 부평구 청천동 426-1번지,부평 제이타워3차 지식산업센터
2205827429,지식산업센터,월세,300,"3,000",170,86,제이타워공단부동산공인중개사사무소,20220223,,Y,643호,전용52 사무실인테리어O 시설좋음,"☞ 2칸을 인테리어한 사무실 (전용26*2=52평)
☞ 깔끔한 인테리어로 업무효율성↑
☞ 회의실, 탕비실 등(사진참고)
☞ 천장 냉난방기 설치
☞ 택스마감+LED등+바닥타일
☞ 사진상의 필요한 집기 사용 가능
☞ 정보통신업 또는 지식산업 업종 사무실 추천",인천광역시 부평구 청천동 426-1번지,부평 제이타워3차 지식산업센터
2205754153,지식산업센터,월세,55,500,57,29,부평산단공인중개사사무소,20220223,,Y,12층 1214호,아담하고 조용한 소형 사무실기숙사아닙니다,"전용면적 29㎡의 소형 사무실입니다.

부평제이타워3차에서는 귀한 임대매물입니다.

-

부평산단공인중개사사무소
032-650-5881",인천광역시 부평구 청천동 426-1번지,부평 제이타워3차 지식산업센터
2205759991,지식산업센터,월세,120,"1,200",170,86,부평산단공인중개사사무소,20220223,,Y,1층 108호,1층 공장과 창고로 사용가능한 지식산업센터,"접근성이 좋은 1층 공장 호실입니다.

부평산단공인중개사사무소
032-650-5881",인천광역시 부평구 청천동 426-1번지,부평 제이타워3차 지식산업센터
2205752303,공장,월세,120,"1,000",5805,86,나공단공인중개사사무소,20220222,소유자,Y,108호,신축지식산업센터 1층전용 26ㅍ,"*부평 ic인접 교통여건 좋은 지식산업센터
*갈산역 바로 근접하여 인력수급용이함
*1층으로 대형차 진입하여 물건상하차 편리
*층고 6m
*호실앞 주차가능",인천광역시 부평구 청천동 426-1번지,부평 제이타워3차 지식산업센터
2205635878,공장,매매,,"7억 4,000",15788,95,(주)공단부동산공인중개사사무소,20220222,소유자,Y,부평 제이타워3차 지식산업센터 제101호,신축아파트형공장 상하차쵝오 분양104ㅍ 전용52ㅍ 공장안차량진출입복층가,"**공장앞 주차, 부평IC인접하여 물류접근성 쵝오~ 
인천1호선 갈산역 도보5분~ 대형화물엘베~
그 외 궁금한 사항이나 산업단지 입주관련 전화문의 
주시면 자세한 상담 도와드리겠습니다~

--->이밖에 15p 30p 40p 50p 80p 100p 200p 300p 400p 500p~
1000p 2000p~ 하시 입주가~

# 청천동 부평공단내 단독공장 매각중입니다~
(250평-38억, 400평-54억, 500평-43억, 620평-95억
920평-95억, 1400평-190억, 1620평-215억)

# 부평구 지식산업센터 (구)아파트형공장 미계약분 분양중입니다~
(테타, 제타, 엠투, 유원등) 30p형~ 400만원대부터~
90%이상 대출가~ 저렴한이율 1.7%~",인천광역시 부평구 청천동 426-1번지,부평 제이타워3차 지식산업센터
2205641226,공장,월세,220,"2,200",15788,95,(주)공단부동산공인중개사사무소,20220222,소유자,Y,부평 제이타워3차 지식산업센터 제101호,최저가 1층신축공장창고 전용52ㅍ 공장안차량진출입 층고5.6m 부평IC ,"**공장앞 주차, 부평IC인접하여 물류접근성 쵝오~ 
인천1호선 갈산역 도보5분~ 대형화물엘베~
그 외 궁금한 사항이나 산업단지 입주관련 전화문의 
주시면 자세한 상담 도와드리겠습니다~

--->이밖에 15p 30p 40p 50p 80p 100p 200p 300p 400p 500p~
1000p 2000p~ 하시 입주가~

# 청천동 부평공단내 단독공장 매각중입니다~
(250평-38억, 400평-54억, 500평-43억, 620평-95억
920평-95억, 1400평-190억, 1620평-215억)

# 부평구 지식산업센터 (구)아파트형공장 미계약분 분양중입니다~
(테타, 제타, 엠투, 유원등) 30p형~ 400만원대부터~
90%이상 대출가~ 저렴한이율 1.7%~",인천광역시 부평구 청천동 426-1번지,부평 제이타워3차 지식산업센터
2205664594,지식산업센터,월세,120,"1,000",170,86,김규태공인중개사사무소,20220222,소유자,Y,부평 제이타워3차 지식산업센터 부평 제이타워3차 지식산업센터 108호,부평제이타워3차 차량 공장 내부로 진출입 가능,"O 물건특징 - 드라이브 인 시스템으로 공장 앞에 차량 2대를 주차할 수 있습니다. 
             슬라이딩 도어로 차량이 공장 안으로 진출입할 수 있습니다.
O 전철-인천지하철 1호선 갈산역 (476m) 도보 7분

부평 갈산동(갈산역)에서 또는 청천동에서 지식산업센터의 공장을 매매하거나 임대하실 때 또는 갈산역 인근의 지식산업센터를 매매하거나 임대차 하실 때 저희 김규태공인중개사를 찾아주시면 신뢰를 바탕으로 성심을 다해 중개하겠습니다.

문    의 : 갈산역 이안아파트 정문 앞 김규태공인중개사
전화번호 : 010-4513-1826 / 032-506-8924
등록번호 : 가3360-2858
주    소 : 인천광역시 부평구 평천로 305 (갈산동 160-17번지)",인천광역시 부평구 청천동 426-1번지,부평 제이타워3차 지식산업센터
2205701172,지식산업센터,월세,200,"2,000",80,40,제이타워공단부동산공인중개사사무소,20220222,,Y,01월 02일,전용12 첫입주 대로변 근생,"▣ 갈산역 인근
▣ 첫 즉시입주
▣ 프랜차이즈/분식점 등 추천
▣ 전용 약 12평
▣ 대로변에 있어 홍보효과 좋음",인천광역시 부평구 청천동 426-1번지,부평 제이타워3차 지식산업센터
2205702375,지식산업센터,월세,100,"1,000",169,86,부평제이타워공인중개사사무소,20220222,,Y,817,앞이 확트인 깔끔한 소형공장 전용26ㅍ 발코니2.5ㅍ,,인천광역시 부평구 청천동 426-1번지,부평 제이타워3차 지식산업센터
2205609291,지식산업센터,월세,150,"2,000",86,63,명공인중개사사무소,20220222,,Y,02월 09일,현공실 즉시입주가,"*전용19P 사무실 쇼핑몰 대리점 추천
*카리프트+화물엘베 따로 있음 
*공실 즉시입주가능 
*주변입지조건 좋음 
*갈산역부근 대형차 진입용이하며 인력수급원활한지역",인천광역시 부평구 청천동 426-1번지,부평 제이타워3차 지식산업센터
2205579688,지식산업센터,월세,100,"1,000",170,86,모아부동산컨설팅공인,20220222,,Y,812호,,"층고5m
전기25kw",인천광역시 부평구 청천동 426-1번지,부평 제이타워3차 지식산업센터
2205579982,공장,월세,70,"1,000",15788,93,모아부동산컨설팅공인,20220222,,Y,1140호,,"부평 IC 바로 인접함
단지내 편의시설(식당,은행,병원,약국,편의점)

 ",인천광역시 부평구 청천동 426-1번지,부평 제이타워3차 지식산업센터
2205623069,지식산업센터,월세,150,"3,000",124,63,제이타워공단부동산공인중개사사무소,20220222,,Y,03월 11일,전용19 지식산업센터 지원시설 근린생활시설 음식점등,"▣ 전용 19평
▣ 근린생활시설
▣ 지식산업센터 내 지원시설
▣ 코너자리 (남동향/양창)
▣ 건물 내 병원, 카페, 기업은행, 스크린골프 등 입점",인천광역시 부평구 청천동 426-1번지,부평 제이타워3차 지식산업센터
2205624328,지식산업센터,월세,100,"1,000",169,86,제이타워공단부동산공인중개사사무소,20220222,,Y,840,전용26 드라이브인 층고높음,"▣ 전용 약 26평
▣ 갈산역 / 부평IC 인근
▣ 건물 내 편의점, 카페, 식당 입점
▣ 부평국가산업단지
▣ 드라이브인 시스템, 호실 앞 주차 가능
▣ 화물승강기 有",인천광역시 부평구 청천동 426-1번지,부평 제이타워3차 지식산업센터
2205579770,지식산업센터,월세,110,"1,200",169,86,모아부동산컨설팅공인,20220222,,N,330호,,"3층 동향 공장
층고5.5m
동력25kw(삼상380) ,증설가능",인천광역시 부평구 청천동 426-1번지,부평 제이타워3차 지식산업센터
2205579732,공장,월세,100,"1,000",15788,169,모아부동산컨설팅공인,20220222,,N,1003,,,인천광역시 부평구 청천동 426-1번지,부평 제이타워3차 지식산업센터
2205579812,공장,월세,100,"1,000",15788,170,모아부동산컨설팅공인,20220222,,N,9층 946호,9층 공장  분양52ㅍ 전용26ㅍ 베란다2.5ㅍ,"공장앞 주차가능, 상하차 가능",인천광역시 부평구 청천동 426-1번지,부평 제이타워3차 지식산업센터
2205175617,중소형사무실,월세,80,"1,000",100,50,모아부동산컨설팅공인,20220219,현장,Y,1245호,천장시스템 냉난방기  전용15ㅍ 베란드1.5ㅍ,"12층 사무실 / 공장등록가능
천장형 시스템에어컨 2대 (냉난방가능)
냉장고, 정수기, 책장, 칸막이된 사무실
",인천광역시 부평구 청천동 426-1번지,부평 제이타워3차 지식산업센터
2205184914,지식산업센터,월세,100,"1,000",98,86,모아부동산컨설팅공인,20220219,현장,Y,804,,"8층공장 
층고5m
동력25kw(삼상380)  증설가능
  ",인천광역시 부평구 청천동 426-1번지,부평 제이타워3차 지식산업센터
2205062625,지식산업센터,매매,,"3억 7,500",98,86,(주)공단부동산공인중개사사무소,20220218,현장,Y,102,신축지식산업센터 1층 전용26ㅍ 분양52ㅍ 공장내차량진입가 물류창고가 ,"*부평 제이타워3차 신규 입주입니다~ 부평IC진입쵝오!!!
인천1호선 갈산역 도보5분~ 대형화물엘베~ 
그 외 궁금한 사항이나 산업단지 입주관련 전화문의 
주시면 자세한 상담 도와드리겠습니다

--->이밖에 15p 30p 40p 50p 80p 100p 200p 300p 400p 500p~
1000p 2000p~ 하시 입주가~

# 청천동 부평공단내 단독공장 매각중입니다~
(250평-38억, 400평-54억, 500평-43억, 620평-95억
920평-95억, 1400평-190억, 1620평-215억)

# 부평구 지식산업센터 (구)아파트형공장 미계약분 분양중입니다~
(테타, 제타, 엠투, 유원등) 30p형~ 400만원대부터~
90%이상 대출가~ 저렴한이율 1.7%~",인천광역시 부평구 청천동 426-1번지,부평 제이타워3차 지식산업센터
2205206925,지식산업센터,매매,,"1억 8,500",100,50,부평제이타워공인중개사사무소,20220218,,Y,1256,대로변쪽 전용15.37ㅍ 발코니1.5ㅍ,,인천광역시 부평구 청천동 426-1번지,부평 제이타워3차 지식산업센터
2205206402,공장,매매,,"3억 2,500",15788,114100,부평제이타워공인중개사사무소,20220218,,Y,745,7층 환한 대로변쪽 전용26ㅍ 발코니2.5ㅍ,,인천광역시 부평구 청천동 426-1번지,부평 제이타워3차 지식산업센터
2205236827,지식산업센터,단기임대,60,80,33,18,라일2차부동산공인중개사사무소,20220218,,Y,제이타워3차 지식산업센터 14-084호,"부평IC 바로옆 신축급 복층원룸, 기숙사사용가능","○ 저희  라일2차 부동산은 고객감동, 
  믿음과 신뢰를 바탕으로 성실히 중개할 것을 약속 드리며, 
  전화주시면 성심껏 답변해 드릴 것 을 약속 드립니다.○

 
★★★ 매물 정보 및 설명 ★★★

* 위치 : 부평구 청천동

* 구조 : 1룸 (방1/욕실1) 

* E/V : 있음

* 풀옵션, 공실 바로입주가능 

* 주차 :  가능

* 부평 IC 나오자마자 위치. 작전역, 갈산역 사이 위치.

* 작전홈플러스 인근

* 신축급 정말깨끗한 원룸, 넓은복층입니다

* 주변 일하시는 분들 기숙사로 사용 최고, 서울 출퇴근하시는분들 최고!! 

* 짧은 단기 문의 주세요 

* 전화, 문자, 카톡 24시간 문의 상담 가능 합니다

★  광고에 올리지못한 인천 전지역 매물 보유. 
    이사날짜, 가격, 위치, 원하시는 조건 상담후 매물 소개 가능합니다.

   매물은 많습니다. 전문적인 상담을 통해 원하시는 매물 찾을수있게 도와드립니다.",인천광역시 부평구 청천동 426-1번지,부평 제이타워3차 지식산업센터
2205217213,공장,월세,120,"1,200",15788,114100,부평제이타워공인중개사사무소,20220218,,Y,108,1층 전용26ㅍ 발코니별도2.5ㅍ 6.5m높이의 소형신축공장,,인천광역시 부평구 청천동 426-1번지,부평 제이타워3차 지식산업센터
2205208089,지식산업센터,월세,70,"1,000",97,49,부평제이타워공인중개사사무소,20220218,,Y,1141,경량제조 또는 사무실용도 전용15ㅍ 베란다1.5ㅍ,"옆호실까지 임대가능
",인천광역시 부평구 청천동 426-1번지,부평 제이타워3차 지식산업센터
2205207447,지식산업센터,월세,150,"1,500",169,86,부평제이타워공인중개사사무소,20220218,,Y,645,,,인천광역시 부평구 청천동 426-1번지,부평 제이타워3차 지식산업센터
2205185617,지식산업센터,월세,100,"1,000",98,86,모아부동산컨설팅공인,20220218,,Y,931호,9층공장   전용26ㅍ 베란다2.5ㅍ," * 부평IC인접  갈산지하철역인접
층고5m
 ",인천광역시 부평구 청천동 426-1번지,부평 제이타워3차 지식산업센터
2205185558,공장,월세,240,"2,400",15788,340,모아부동산컨설팅공인,20220218,,N,"316호,317호",공장내 상하차가능 전용52ㅍ 베란다5ㅍ,"3층공장
공장앞 주차 5대가능
층고5.5m
제조업 및 식품, 비제조업도 입주가능",인천광역시 부평구 청천동 426-1번지,부평 제이타워3차 지식산업센터
2205185291,공장,월세,100,"1,000",15788,170,모아부동산컨설팅공인,20220218,,N,617호,공장앞 주차가능 전용26ㅍ 베란다2.5,"6층공장
공장앞 상하차 작업 가능
층고5m",인천광역시 부평구 청천동 426-1번지,부평 제이타워3차 지식산업센터
2204946525,지식산업센터,월세,150,"1,500",54,47,(주)공단부동산공인중개사사무소,20220217,현장,Y,1136,신축전용29ㅍ 삼실쇼핑몰소형경량공장 부평IC 인천1호선갈산역5분 창고가 ,"* 드라이브인시스템, 전용29평, 분양58평,
인천1호선 갈산역 도보5분~ 대형화물엘베~ 
그 외 궁금한 사항이나 산업단지 입주관련 전화문의 
주시면 자세한 상담 도와드리겠습니다~ 

--->이밖에 15p 30p 40p 50p 80p 100p 200p 300p 400p 500p~
1000p 2000p~ 하시 입주가~

# 청천동 부평공단내 단독공장 매각중입니다~
(250평-38억, 400평-54억, 500평-43억, 620평-95억
920평-95억, 1400평-190억, 1620평-215억)

# 부평구 지식산업센터 (구)아파트형공장 미계약분 분양중입니다~
(테타, 제타, 엠투, 유원등) 30p형~ 400만원대부터~
90%이상 대출가~ 저렴한이율 1.7%~",인천광역시 부평구 청천동 426-1번지,부평 제이타워3차 지식산업센터
2204737520,지식산업센터,월세,140,"1,500",98,86,모아부동산컨설팅공인,20220216,현장,Y,437,복층공장 전용26ㅍ베란다2.5ㅍ,"4층 복층공장
공장앞 주차가능 상하차가능
공장앞 5톤차량 진입가능
층고5.5m
",인천광역시 부평구 청천동 426-1번지,부평 제이타워3차 지식산업센터
2204979413,지식산업센터,매매,,"1억 1,000",18,18,대동공인중개사사무소,20220216,,Y,13-017,놀라운가격 투자금적게 들어 투자적격,,인천광역시 부평구 청천동 426-1번지,부평 제이타워3차 지식산업센터
2204969381,지식산업센터,월세,150,"2,000",169,86,스마트공단부동산공인중개사사무소,20220216,,Y,437,"복층 인테리어, 부평IC 인근 지식산업센터, 드라이브인","▶ 갈산역 및 부평 IC 인근 지식산업센터

▶ 복층 인테리어. 전용 약40ㅍ

▶ 층고 5.5m

▶ 문 앞까지 차량이 갈 수 있는 드라이브인 시스템

▶ 에어컨 설치

▶ 즉시 입주 가능",인천광역시 부평구 청천동 426-1번지,부평 제이타워3차 지식산업센터
2204963099,지식산업센터,월세,45,500,36,18,스마트공단부동산공인중개사사무소,20220216,,Y,15-076,"지식산업센터 기숙사, 복층, 풀옵션","▶ 갈산역 인근 지식산업센터로 교통 편리

▶ 복층. 효율적인 공간 활용

▶ 신축으로 깨끗한 인테리어

▶ 시세보다 저렴한 가격

▶ 즉시 입주 가능",인천광역시 부평구 청천동 426-1번지,부평 제이타워3차 지식산업센터
2204934537,지식산업센터,월세,120,"1,500",169,86,타워부동산공인중개사사무소,20220216,,Y,1021,"타워부동산,전용26 ,갈산역 역세권,부평IC초근접,신축,즉시입주","#매물정보
 - 공급 51p[전용26p]
 - 신축 아파트형공장
 - 드라이브인 시스템
 - 갈산역 도보 6분 이용가능
 - 부평IC 인접
 - 공실, 즉시 입주 가능
 - 인승강기 / 화물승강기
 - 공장,사무실,창고 이용가능

 # 인천1호선 갈산역 도보 6분 이용 가능

 # 사무실, 공장 및 창고 사용 가능

 # 인천지역 및 부천지역 일반공장,아파트형공장,사무실
 평수별로 다양한 매물을 보유하고 있습니다.

 # 원하시는 조건을 말씀해 주시면 매매/임대 모두
 반드시 찾아드리고 있으니 전화주시기 바랍니다.

 #일반공장, 아파트형공장, 사무실 전문 부동산

 ---타워부동산(032-719-4924)---",인천광역시 부평구 청천동 426-1번지,부평 제이타워3차 지식산업센터
2204915536,공장,월세,110,"1,100",15788,170,모아부동산컨설팅공인,20220216,,N,421호,4층공장 공장앞 5톤차량진입 가능,"전용26ㅍ 베란다2.5ㅍ
츧고5.5m
동력 삼상380/30kw",인천광역시 부평구 청천동 426-1번지,부평 제이타워3차 지식산업센터
2204915662,지식산업센터,월세,110,"1,100",98,86,모아부동산컨설팅공인,20220216,,N,539호,제이타워3차 5층공장  전용26ㅍ 베란다2.5ㅍ,"5층공장앞 5톤차량 진입가능
공장앞 상하차 가능
층고5.5m
동력25kw",인천광역시 부평구 청천동 426-1번지,부평 제이타워3차 지식산업센터
2204915365,공장,월세,110,"1,100",15788,170,모아부동산컨설팅공인,20220216,,N,219호,,"공장앞 주차 및 상하차가능
층고5.5m,  5톤차 공자앞까지 진입가능
동력30kw",인천광역시 부평구 청천동 426-1번지,부평 제이타워3차 지식산업센터
2205135305,지식산업센터,월세,240,"2,000",340,172,제이타워공단부동산공인중개사사무소,20220216,,Y,"323호, 324호",전용52 2칸,"▣ 부평IC 인근 신축 지식산업센터
▣ 저층 임대
▣ 드라이브인 호실 앞 주차가능
▣ 2칸임대",인천광역시 부평구 청천동 426-1번지,부평 제이타워3차 지식산업센터
2205063525,공장,월세,90,"1,000",15788,114100,공단타워공인중개사사사무소,20220216,,Y,842호,"전용26,신축아파트형공장 공장드라이브인가능","◎전용26P 층고6미터 서비스면적있음
◎옆호실 까지 추가 임대가능 
◎공실 즉시입주가능 
◎부평ic 바로앞 갈산역 등 주변입지조건 좋음 



이 외 공장 지식산업센터 상가 평수 층수 다양하게
매물을 보유하고 있습니다. 원하시는 조건을 맞춰드리겠습니다. 
전화 주시면 성실하고 친절하게 상담 드리겠습니다.",인천광역시 부평구 청천동 426-1번지,부평 제이타워3차 지식산업센터
2204489627,지식산업센터,월세,150,"2,000",98,86,공장공인중개사사무소,20220215,현장,Y,437,초역세권 깨끗한 공장 사무실 지식산업센터 시설최상,"*별도로 복층 11평 공사 되어있음

*냉,난방기 시설
*고객님의 불편함이 없이 계약부터 입주완료까지 책임지고 중개해드리고있습니다.

*국가산단의 특이점으로 입주제한업종이 있으니 체크부탁드립니다.

*역사와 전통이 있는 공장부동산으로 문의주세요.








*안녕하세요~ 공장부동산입니다~

*전화주시면 좀더 자세하고 친절하게 상담해드리겠습니다.

*좋은하루되세요~ ^^

* 언제든 전화주세요~ 친절하게 안내드리겠습니다~~ *^^*

* 100% 실제 매물!

* 시세에 맞지 않는 낚시성 물건 NO!~



 공장공인중개사사무소 홈페이지 바로가기 https://blog.naver.com/seoinwon10




",인천광역시 부평구 청천동 426-1번지,부평 제이타워3차 지식산업센터
2204478944,공장,월세,110,"1,200",15788,170,모아부동산컨설팅공인,20220215,현장,Y,103,제이타워3차  전용26  베란다2.5,"1층 공장 
층고6.0m
동력25kw(산업용)",인천광역시 부평구 청천동 426-1번지,부평 제이타워3차 지식산업센터
2204478781,지식산업센터,월세,100,"1,000",98,86,모아부동산컨설팅공인,20220215,현장,Y,1019,,"10층공장
동력25kw
층고5.5m
부평IC접함",인천광역시 부평구 청천동 426-1번지,부평 제이타워3차 지식산업센터
2204889730,지식산업센터,월세,150,"2,000",123,62,명공인중개사사무소,20220215,,Y,02월 08일,현공실 즉시입주가,"1)2층 지원시설 제2종근린생활시설-일반음식점가능
2)드라이브인 시스템, 호실 앞 주차 가능
3)전용18p 층고 높음
4)대지 16만평 대규모 서운산업단지
5)2022.1 기준 100여개 사업장 입주완료 
6)계양, 부천 3기 신도시와 연계성 우수
7)경인고속도로 서운IC, 서울외각 순환도로 계양IC접근성우수",인천광역시 부평구 청천동 426-1번지,부평 제이타워3차 지식산업센터
2204737589,공장,월세,100,"1,000",15788,86,모아부동산컨설팅공인,20220215,,N,912호,,"층고5.0m,
동력50kw (삼상380) 증설도 가능
공장내 차량진입 및 상하차 가능",인천광역시 부평구 청천동 426-1번지,부평 제이타워3차 지식산업센터
2204737655,지식산업센터,월세,100,"1,000",169,86,모아부동산컨설팅공인,20220215,,N,733호,공장내 차량진입 및 상하차가능 분양51ㅍ 전용26ㅍ,제이타워3차 7층 공장 ,인천광역시 부평구 청천동 426-1번지,부평 제이타워3차 지식산업센터
2204697190,지식산업센터,월세,40,500,18,18,일류공인중개사사무소,20220214,,Y,13-081,복층 원룸 풀옵션,"* 갈산역 근처 역세권

* 사업자 가능, 부가세 별도",인천광역시 부평구 청천동 426-1번지,부평 제이타워3차 지식산업센터
2204479037,지식산업센터,월세,100,"1,000",170,86,모아부동산컨설팅공인,20220212,,N,8층 810호,제이타워3차8층공장  전용26ㅍ베란다2.5ㅍ,"층고5m
동력25kw(삼상380)
공장내 차량진입가능 상하차 가능",인천광역시 부평구 청천동 426-1번지,부평 제이타워3차 지식산업센터
2204478988,지식산업센터,월세,110,"1,100",169,86,모아부동산컨설팅공인,20220212,,N,328호,공장내 차량진입 및 상하차가능  전용26ㅍ 베란다2.5ㅍ,"층고5.5m
동력 산업용25kw",인천광역시 부평구 청천동 426-1번지,부평 제이타워3차 지식산업센터
2204191486,지식산업센터,매매,,1억 500,33,29,모아부동산컨설팅공인,20220211,현장,Y,1209,공장 및 사무실 분양18ㅍ 전용9ㅍ 베란다1.5ㅍ,"공장등록가능
천장텍스
동력 삼상380산업용10~15kw",인천광역시 부평구 청천동 426-1번지,부평 제이타워3차 지식산업센터
2204432927,공장,월세,120,"1,200",15788,114100,부평제이타워공인중개사사무소,20220211,소유자,Y,233호,전용 26ㅍ. 2층. 꼼꼼하게 옵션이 준비되어 있는 호실입니다.,"&gt;&gt;&gt; 도어락 설치 되어 있음.
&gt;&gt;&gt; 시스템 냉,난방기 설치 되어 있음.
&gt;&gt;&gt; 씽크대 설치 되어 있음.",인천광역시 부평구 청천동 426-1번지,부평 제이타워3차 지식산업센터
2204435084,공장,월세,240,"2,000",15788,114100,부평제이타워공인중개사사무소,20220211,소유자,Y,323호,전용 52ㅍ. 3층.,*** 전용 52평의 넓은 쓰임.,인천광역시 부평구 청천동 426-1번지,부평 제이타워3차 지식산업센터
2204443930,공장,월세,100,"1,000",15788,114100,부평제이타워공인중개사사무소,20220211,소유자,Y,1019호,,,인천광역시 부평구 청천동 426-1번지,부평 제이타워3차 지식산업센터
2204444785,공장,월세,50,500,15788,114100,부평제이타워공인중개사사무소,20220211,소유자,Y,1210호,전용 9ㅍ. 12층.,,인천광역시 부평구 청천동 426-1번지,부평 제이타워3차 지식산업센터
2204442024,공장,월세,300,"3,000",15788,114100,부평제이타워공인중개사사무소,20220211,소유자,Y,643호,전용 52ㅍ. 6층. 초역세권에 위치한 공장 타워. 내부 인테리어 완비.,"### 내부 인테리어 되어 있음.
### 내부 집기 구비.
### 시스템 냉,난방기 설치 되어 있음.",인천광역시 부평구 청천동 426-1번지,부평 제이타워3차 지식산업센터
2204428088,공장,월세,120,"1,200",15788,114100,부평제이타워공인중개사사무소,20220211,소유자,Y,120호,"전용 26ㅍ. 1층,호실앞 물건 상하차가능","* 첫 입주 공장으로 인력 수급이 용이한 입주 조건.
* 호실 앞 주차 가능. 
* 5톤차 화물 상하차 가능.
* 베란다 서비스 공간 별도 있음.
",인천광역시 부평구 청천동 426-1번지,부평 제이타워3차 지식산업센터
2204415143,공장,월세,150,"1,500",15788,114100,부평제이타워공인중개사사무소,20220211,소유자,Y,437호,,"*** 복 층 시설 완비.
*** 시스템 냉,난방기 설치 완료.
*** 씽크대 설치 완료.
",인천광역시 부평구 청천동 426-1번지,부평 제이타워3차 지식산업센터
2204406817,공장,월세,90,"1,000",15778,86,나공단공인중개사사무소,20220211,,Y,840호,지식산업센터 신축 첫입주 전용 26ㅍ,"*신축지식산업센터 첫입주 
*내호실앞까지 차량진입하여 주차가능
*교통여건 좋은 위치 부평ic 바로앞
*임대료 저렴한 매물
*층고 6m 호실안에까지 차량진입",인천광역시 부평구 청천동 426-1번지,부평 제이타워3차 지식산업센터
2204416365,공장,월세,120,"1,000",15788,114100,부평제이타워공인중개사사무소,20220211,,Y,236호,,,인천광역시 부평구 청천동 426-1번지,부평 제이타워3차 지식산업센터
2204056162,지식산업센터,월세,140,"1,500",98,86,나공단공인중개사사무소,20220210,현장,Y,437,신축 지식산업센터 복층구조로 인테리어 되어있는 호실,"*갈산역 인근 신축지식산업센터
*내호실앞 주차가능
*복층으로 인테리어 해놓은상태로 효율적이용 최고
",인천광역시 부평구 청천동 426-1번지,부평 제이타워3차 지식산업센터
2204309693,공장,월세,120,"1,200",15788,114100,부평제이타워공인중개사사무소,20220210,소유자,Y,108호,,,인천광역시 부평구 청천동 426-1번지,부평 제이타워3차 지식산업센터
2204224491,지식산업센터,월세,70,"1,000",84,43,제이타워공단부동산공인중개사사무소,20220210,,Y,1227,전용13 섹션오피스 소형공장,"▣ 전용13평
▣ 소형 공장
▣ 화물엘베 有",인천광역시 부평구 청천동 426-1번지,부평 제이타워3차 지식산업센터
2204296531,지식산업센터,월세,130,"1,300",86,86,정보공인중개사사무소,20220210,,Y,부평제이타워3차지식산업센터1004호,"부평Ic초입,층고높음,호실앞차량진입,화물용엘리베이터","부평제이타워3차
1,경인고속도로 부평IC초입, 인천지하철갈산역5분거리
2.차량진입,드라이브인시스템
3.호실앞차량진입,화물엘리베이터
4.최대6.5m층고
5.고객이용이 편리한 상가전용 엘리베이터및에스컬레이터


정성을 다하겠습니다.정보부동산
 고객의 자산 항상 소중히 하겠습니다

정보공인중개사사무소

(등록:제41190-2021-000306)

☎ 032-624-0777 ☎ 010-2663-5949",인천광역시 부평구 청천동 426-1번지,부평 제이타워3차 지식산업센터
2203841197,공장,월세,100,"1,000",15788,170,모아부동산컨설팅공인,20220209,현장,Y,1031,제이타워 10층 공장 임대  전용26,"층고5m
동력25kw(삼상380) 증설도가능
공장내 차량진입 및 상하차 가능
",인천광역시 부평구 청천동 426-1번지,부평 제이타워3차 지식산업센터
2203841301,중소형사무실,월세,70,"1,000",100,50,모아부동산컨설팅공인,20220209,현장,Y,1253호,공장형 사무실   전용15.37ㅍ 베란다1.5ㅍ,"공장등록 가능한 12층 사무실
대형 화물승강기 2기, 인승기 3기
동력 산업용15kw(삼상380)
부평IC 인접",인천광역시 부평구 청천동 426-1번지,부평 제이타워3차 지식산업센터
2203841382,지식산업센터,월세,110,"1,200",98,86,모아부동산컨설팅공인,20220209,현장,Y,206,,"층고5.5M
동력25kw
2개호실 임대 가능",인천광역시 부평구 청천동 426-1번지,부평 제이타워3차 지식산업센터
2203858666,지식산업센터,월세,100,"1,000",86,86,(주)공단부동산공인중개사사무소,20220209,소유자,Y,부평 제이타워3차 지식산업센터 제842호,,"* 서울7호선 부평구청역 환승 1개 정거장~
, 인천지하철 1호선 갈산역 도보5분~ 부평IC초입~
그 외 궁금한 사항이나 산업단지 입주관련 전화문의
주시면 자세한 상담 도와드리겠습니다~

--->이밖에 15p 30p 40p 50p 80p 100p 200p 300p 400p 500p~
1000p 2000p~ 하시 입주가~

# 청천동 부평공단내 단독공장 매각중입니다~
(250평-38억, 400평-54억, 500평-43억, 620평-95억
920평-95억, 1400평-190억, 1620평-215억)

# 부평구 지식산업센터 (구)아파트형공장 미계약분 분양중입니다~
(테타, 제타, 엠투, 유원등) 30p형~ 400만원대부터~
90%이상 대출가~ 저렴한이율 1.7%~",인천광역시 부평구 청천동 426-1번지,부평 제이타워3차 지식산업센터
2203860246,지식산업센터,매매,,"2억 9,500",86,86,(주)공단부동산공인중개사사무소,20220209,소유자,Y,부평 제이타워3차 지식산업센터 제842호,지식산업센터 전용26ㅍ 분양52ㅍ 드라이브인시스템 공장앞주차 복층가능 ,"* 프리미엄NO!!! 분양가로 매도, 평당 550만~ 
임차인있음~ 22년12월입주가~ 대형화물엘베~
인천1호선 갈산역 도보5분, 부평IC초입니다~ 
그 외 궁금한 사항이나 산업단지 입주관련 전화문의 
주시면 자세한 상담 도와드리겠습니다~ 

--->이밖에 15p 30p 40p 50p 80p 100p 200p 300p 400p 500p~ 
1000p 2000p~ 하시 입주가~ 

# 청천동 부평공단내 단독공장 매각중입니다~
(250평-38억, 400평-54억, 500평-43억, 620평-95억
920평-95억, 1400평-190억, 1620평-215억)

# 부평구 지식산업센터 (구)아파트형공장 미계약분 분양중입니다~
(테타, 제타, 엠투, 유원등) 30p형~ 400만원대부터~
90%이상 대출가~ 저렴한이율 1.7%~",인천광역시 부평구 청천동 426-1번지,부평 제이타워3차 지식산업센터
2204039724,지식산업센터,매매,,"4억 3,000",224,113,부평산단공인중개사사무소,20220209,,Y,"12층 1201호, 1202호",12층 코너 양창의 계양산 전망의 사무실,"부평제이타워3차 지식산업센터의 최상의 호실로서
실입주와 투자하기 좋은 사무실입니다.



부평산단공인중개사사무소
032-650-5881",인천광역시 부평구 청천동 426-1번지,부평 제이타워3차 지식산업센터
2203985360,공장,월세,90,"1,000",15788,114100,부평제이타워공인중개사사무소,20220209,,Y,1019,전용26ㅍ 발코니별도2.5ㅍ 소형신축공장,,인천광역시 부평구 청천동 426-1번지,부평 제이타워3차 지식산업센터
2203992082,지식산업센터,월세,120,"1,200",169,86,부평제이타워공인중개사사무소,20220209,,Y,119,1층 전용26ㅍ 베란다2.5ㅍ 중량기계가능 6.5m 가능,,인천광역시 부평구 청천동 426-1번지,부평 제이타워3차 지식산업센터
2203991775,지식산업센터,매매,,"3억 3,000",164,83,부평제이타워공인중개사사무소,20220209,,Y,525,,건물분 부가세별도,인천광역시 부평구 청천동 426-1번지,부평 제이타워3차 지식산업센터
2203984275,공장,월세,50,500,15788,114100,부평제이타워공인중개사사무소,20220209,,Y,1210,소형사무실 또는 조립 전용9ㅍ 발코니별도,,인천광역시 부평구 청천동 426-1번지,부평 제이타워3차 지식산업센터
2203959526,지식산업센터,월세,50,500,57,29,부평제이타워공인중개사사무소,20220209,,Y,1210,소형사무실 전용9ㅍ 발코니 별도,,인천광역시 부평구 청천동 426-1번지,부평 제이타워3차 지식산업센터
2203828269,지식산업센터,매매,,"1억 3,000",36,18,정연부동산공인중개사사무소,20220209,,Y,13-81호,풀옵션 복층형 월세끼고 매매,"정연부동산입니다.
 실사진 실매물 실가격을 약속드립니다.
허위매물이나 미끼매물 없이 픽업부터 계약체결
 그리고 입주까지 신속하고 정확하게 안전한 중개로
 최선을 다 하겠습니다.
어떠한 상담도 늘 감사한 마음으로 상담해 드리겠습니다.
  실사진과함께 정확한 매물 솔직한 마음으로 좋은 집을 소개해주고
   계약체결까지 마무리 하는 정연부동산

※ 공인중개사법 18조 2,3항에 의거하여
   해당 매물은 최초 게재일 당시
   거래가능한 실매물임을 확인하였으나
   광고 내용을 보는 시점에 거래가 완료되었을 수 있으므로 
   유선상으로 확인하시기 바랍니다.
   감사합니다.
   최선을 다 하겠 습니다.",인천광역시 부평구 청천동 426-1번지,부평 제이타워3차 지식산업센터
2203903009,공장,매매,,"3억 3,000",4810,86,나공단공인중개사사무소,20220209,,Y,745호,신축지식산업센터 7층 전용 26ㅍ,"*갈산역인근 지식산업센터 
*교통편리하여 인력수급용이함
*층고6m 로 내공장 호실앞 주차가능
*내공장,내사무실 가질수있는 기회
",인천광역시 부평구 청천동 426-1번지,부평 제이타워3차 지식산업센터
2203841119,공장,월세,120,"1,200",15788,170,모아부동산컨설팅공인,20220209,,N,134,제이타워3차1층  분양51 전용29 베란다2.5,"-- 1층 공장 -- 
층고6m  지하층없음
동력25(삼상380) 증설가능
공장내 차량진입가능 상하차 가능
임가공(CNC,머시닝,밀링,범용등 다수) ,기계업종, 식품가공, 광고업,정보통신,  창고 및  도시형업종 모두가능
",인천광역시 부평구 청천동 426-1번지,부평 제이타워3차 지식산업센터
2203841056,지식산업센터,월세,100,"1,000",170,86,모아부동산컨설팅공인,20220209,,N,942호,제이타워3차9층공장 전용26ㅍ 베란다2.5ㅍ,"층고5m
동력25kw
공장내 차량진입가는 상하차 가능
",인천광역시 부평구 청천동 426-1번지,부평 제이타워3차 지식산업센터
2203341748,중소형사무실,월세,140,"1,400",187,95,모아부동산컨설팅공인,20220207,현장,Y,"11,361,137",공장등록 가능한 11층사무실  전용29ㅍ  베란다4.5ㅍ ,"천장텍스마감
11층 주차장
부평IC접함, 갈산역 도보7분거리
전기:산업용30kw",인천광역시 부평구 청천동 426-1번지,부평 제이타워3차 지식산업센터
2203318257,지식산업센터,월세,110,"1,200",98,86,모아부동산컨설팅공인,20220207,현장,Y,314,공장  분양51ㅍ 전용26ㅍ 베란다2.5ㅍ,"3층공장  층고5m
동력25kw
공장 앞 상하차 가능 주차가능",인천광역시 부평구 청천동 426-1번지,부평 제이타워3차 지식산업센터
2203332682,공장,월세,100,"1,000",15788,170,모아부동산컨설팅공인,20220207,현장,Y,606,공장내 차량진입 및 상하차가능  전용26 베란다2.5,"층고5m
부평IC접함",인천광역시 부평구 청천동 426-1번지,부평 제이타워3차 지식산업센터
2203700535,지식산업센터,월세,130,"1,300",170,86,김규태공인중개사사무소,20220207,소유자,Y,부평 제이타워3차 지식산업센터 부평 제이타워3차 지식산업센터 1004호,부평제이타워3차 냉난방기 설치 차량 공장 내부로 진출입 가능,"O 물건특징 - 냉난방기 설치되어 있습니다.
             드라이브 인 시스템으로 공장 앞에 차량 2대를 주차할 수 있습니다. 
             슬라이딩 도어로 차량이 공장 안으로 진출입할 수 있습니다.
O 전철-인천지하철 1호선 갈산역 (476m) 도보 7분

부평 갈산동(갈산역)에서 또는 청천동에서 지식산업센터의 공장을 매매하거나 임대하실 때 또는 갈산역 인근의 지식산업센터를 매매하거나 임대차 하실 때 저희 김규태공인중개사를 찾아주시면 신뢰를 바탕으로 성심을 다해 중개하겠습니다.

문    의 : 갈산역 이안아파트 정문 앞 김규태공인중개사
전화번호 : 010-4513-1826 / 032-506-8924
등록번호 : 가3360-2858
주    소 : 인천광역시 부평구 평천로 305 (갈산동 160-17번지)",인천광역시 부평구 청천동 426-1번지,부평 제이타워3차 지식산업센터
2202795669,공장,월세,110,"1,200",15788,170,모아부동산컨설팅공인,20220207,현장,Y,540,제이타워3차 5층 공장 임대  ,"전용26P 베란다2.5P
층고5.5m   
동력25kw(삼상380) 증설도 가능
",인천광역시 부평구 청천동 426-1번지,부평 제이타워3차 지식산업센터
2203514480,공장,월세,110,"1,000",15788,86,(주)공단부동산공인중개사사무소,20220207,소유자,Y,부평 제이타워3차 지식산업센터 제842호,지식산업센터 전용26ㅍ 드라이브인시스템 소형공장삼실또는전자쇼핑몰충전포장업,"*부평IC 입출 최적인 신축 분양52평~
인천1호선 갈산역 도보5분~ 대형화물엘베~
그 외 궁금한 사항이나 산업단지 입주관련 전화문의
주시면 자세한 상담 도와드리겠습니다~

--->이밖에 15p 30p 40p 50p 80p 100p 200p 300p 400p 500p~
1000p 2000p~ 하시 입주가~

# 청천동 부평공단내 단독공장 매각중입니다~
(250평-38억, 400평-54억, 500평-43억, 620평-95억
920평-95억, 1400평-190억, 1620평-215억)

# 부평구 지식산업센터 (구)아파트형공장 미계약분 분양중입니다~
(테타, 제타, 엠투, 유원등) 30p형~ 400만원대부터~
90%이상 대출가~ 저렴한이율 1.7%~",인천광역시 부평구 청천동 426-1번지,부평 제이타워3차 지식산업센터
2202293404,공장,매매,,"3억 4,600",15788,170,모아부동산컨설팅공인,20220207,현장,Y,434,,"2개호실 동시에 매매 가능합니다.
층고5.5m
동력25kw(삼상380)     증설도 가능
공장내 차량진입 및 상하차 가능",인천광역시 부평구 청천동 426-1번지,부평 제이타워3차 지식산업센터
2203688684,지식산업센터,월세,130,"1,300",170,86,명공인중개사사무소,20220207,,Y,1004,최고의 시설 드라이브인 가능한 곳에서 사업 시작 하세요,"≡≡≡≡≡≡ 【 임대현황 】 ≡≡≡≡≡≡

◆소재지 : 갈산역 인근 도보5분
◆계약면적 : 약51평
◆전용면적 : 약26평
◆임대조건 : 보증금 1300만원, 월세 130만원
◆주차 가능 여부 : 가능
◆특징 : → 드라이브인 로얄층
           → 40평대 시스템에어컨 
           → 경인고속도로 서운IC, 서울외각 순환도로 계양IC접근성우수
            
※ 공인중개사법 18조 2,3항에 의거하여
해당 매물은 최초 게재일 당시
거래 가능한 실매물임을 확인하였으나
광고 내용을 보는 시점에 거래가 완료되었을 수 있으므로
거래 완료 여부 및 자세한 내용은
유선 상으로 확인해주시기 바랍니다.

★ 물건에 관해 궁금하신 사항은 언제든지 방문하여주시면
원하는 조건에 맞는 또 다른 물건들을 다양하게
비교해서 보실 수 있습니다.

★ 고객님이 만족하실 수 있는 물건을 구해 드리기
위해 최선을 다하겠습니다.

▣ 명공인중개사사무소 ▣
☎ 032-328-0081/☎ 010-9478-9574",인천광역시 부평구 청천동 426-1번지,부평 제이타워3차 지식산업센터
2203761946,지식산업센터,월세,130,"1,300",172,86,미래공인중개사사무소,20220207,,Y,1004호,부평제이타워3차 전용26 갈산역5분  난방기설치 사무실,"부평제이타워3차 전용26 갈산역5분  난방기설치 사무실
- 문의, 방문 언제나 환영하며 다양한 매물
확보하고 있습니다.
-성실, 신속, 정확한 중개사로서 고객의 재산과 인연을
소중하게 생각합니다
-복드리는 미래부동산",인천광역시 부평구 청천동 426-1번지,부평 제이타워3차 지식산업센터
2201480110,공장,매매,,"3억 2,000",15778,86,(주)공단부동산공인중개사사무소,20220207,현장,Y,745,분양받은금액그대로 신축아파트형공장 전용26ㅍ 분양52ㅍ 드라이브인시스템 ,"**공장앞 주차, 부평IC와 접해있어 물류접근성 쵝오~ 
인천1호선 갈산역 도보5분~ 대형화물엘베~
그 외 궁금한 사항이나 산업단지 입주관련 전화문의 
주시면 자세한 상담 도와드리겠습니다~

--->이밖에 15p 30p 40p 50p 80p 100p 200p 300p 400p 500p~
1000p 2000p~ 하시 입주가~

# 청천동 부평공단내 단독공장 매각중입니다~
(250평-38억, 400평-54억, 500평-43억, 620평-95억
920평-95억, 1400평-190억, 1620평-215억)

# 부평구 지식산업센터 (구)아파트형공장 미계약분 분양중입니다~
(테타, 제타, 엠투, 유원등) 30p형~ 400만원대부터~
90%이상 대출가~ 저렴한이율 1.7%~",인천광역시 부평구 청천동 426-1번지,부평 제이타워3차 지식산업센터
2201534858,지식산업센터,월세,130,"1,500",98,86,모아부동산컨설팅공인,20220207,현장,Y,1030,,"전용26P/베란다2.5.P/복층29P 
드라이브인 10층공장
공장앞 .5톤 차량 진입 가능 상하차 가능
동력25KW(삼상380)
",인천광역시 부평구 청천동 426-1번지,부평 제이타워3차 지식산업센터
2203678182,지식산업센터,월세,100,"1,000",98,86,모아부동산컨설팅공인,20220207,,Y,1039호,공장내 차량진입 및 상하차가능 분양51ㅍ 전용26ㅍ,"10층 공장
층고5m
동력 산업용25kw /증설가능",인천광역시 부평구 청천동 426-1번지,부평 제이타워3차 지식산업센터
2203677323,중소형사무실,월세,80,"1,000",100,50,모아부동산컨설팅공인,20220207,,Y,1259호,"냉난방기,책장,사무실,전용15ㅍ  베란다2ㅍ","12층 공장 등록 가능한 사무실 
천장 텍스 마감
동력10~15kw(산업용)
갈산역 도보 7분거리, 부평IC인접한 교통요지",인천광역시 부평구 청천동 426-1번지,부평 제이타워3차 지식산업센터
2203344169,공장,월세,110,"1,200",15788,169,모아부동산컨설팅공인,20220207,,Y,330,,"3층 공장,층고5.5m
동력25kw(삼상380) 증설도 가능

",인천광역시 부평구 청천동 426-1번지,부평 제이타워3차 지식산업센터
2203314407,지식산업센터,월세,130,"1,300",86,86,공단타워공인중개사사사무소,20220207,,Y,131호 일부,,"●전용25P  
●층고 3.5m  ,3m
●복층되어있음
●주변입지조건 좋음 
●대형차 진입용이하며 갈산역도보5분 인력수급원활한지역



이 외 공장 지식산업센터 상가 평수 층수 다양하게
매물을 보유하고 있습니다. 원하시는 조건을 맞춰드리겠습니다. 
전화 주시면 성실하고 친절하게 상담 드리겠습니다.",인천광역시 부평구 청천동 426-1번지,부평 제이타워3차 지식산업센터
2201352602,지식산업센터,월세,120,"1,200",98,86,모아부동산컨설팅공인,20220207,현장,Y,104,지층없는 공장   전용26ㅍ  베란다2.5ㅍ,"1층 공장 , 지하가 없는 관계로 진동 없음
CNC,머시,임가공 적극추천
층고6M, 동력 삼상380 25kw(증설도 가능)
2개호길 또는 3개호실 동시 임대가능",인천광역시 부평구 청천동 426-1번지,부평 제이타워3차 지식산업센터
2201230303,지식산업센터,월세,110,"1,100",96,84,모아부동산컨설팅공인,20220207,현장,Y,425,제이타워3차 6층 공장내 차량진입 및 상하차 가능 ,"6층 공장  분양 51p 전용29p 발코니2.5p
부평IC인접함
층고5m
동력25kw     ",인천광역시 부평구 청천동 426-1번지,부평 제이타워3차 지식산업센터
2201091437,중소형사무실,월세,70,"1,000",100,50,모아부동산컨설팅공인,20220207,현장,Y,1252,,"천장텍스 시공
대형 화물승강기
동력: 삼상380(산업용10kw) - 증설가능",인천광역시 부평구 청천동 426-1번지,부평 제이타워3차 지식산업센터
2202276967,공장,월세,110,"1,500",15788,95,(주)공단부동산공인중개사사무소,20220207,소유자,Y,부평 제이타워3차 지식산업센터 제101호,최저가 1층신축공장창고 전용26ㅍ 공장차량진출입가 층고5.6m 부평IC ,"**공장앞 주차, 부평IC인접하여 물류접근성 쵝오~ 
인천1호선 갈산역 도보5분~ 대형화물엘베~
그 외 궁금한 사항이나 산업단지 입주관련 전화문의 
주시면 자세한 상담 도와드리겠습니다~

--->이밖에 15p 30p 40p 50p 80p 100p 200p 300p 400p 500p~
1000p 2000p~ 하시 입주가~

# 청천동 부평공단내 단독공장 매각중입니다~
(250평-38억, 400평-54억, 500평-43억, 620평-95억
920평-95억, 1400평-190억, 1620평-215억)

# 부평구 지식산업센터 (구)아파트형공장 미계약분 분양중입니다~
(테타, 제타, 엠투, 유원등) 30p형~ 400만원대부터~
90%이상 대출가~ 저렴한이율 1.7%~",인천광역시 부평구 청천동 426-1번지,부평 제이타워3차 지식산업센터
2202282077,공장,매매,,"2억 9,500",15788,95,(주)공단부동산공인중개사사무소,20220207,소유자,Y,부평 제이타워3차지식산업센터제101호,지식산업센터 전용26ㅍ 분양52ㅍ 공장안차량진출입주차가 소형공장전자쇼핑몰,"**임대낀 매물임(수익률4.3%) 공장앞 주차도 가능합니다~ 
부평IC인접하여 물류접근성도 아주 좋습니다~ 
기타 궁금한 사항 전화문의주시면 자세한 상담 도와 드리겠습니다~

--->이밖에 15p 30p 40p 50p 80p 100p 200p 300p 400p 500p~
1000p 2000p~ 하시 입주가~

# 청천동 부평공단내 단독공장 매각중입니다~
(250평-38억, 400평-54억, 500평-43억, 620평-95억
920평-95억, 1400평-190억, 1620평-215억)

# 부평구 지식산업센터 (구)아파트형공장 미계약분 분양중입니다~
(테타, 제타, 엠투, 유원등) 30p형~ 400만원대부터~
90%이상 대출가~ 저렴한이율 1.7%~",인천광역시 부평구 청천동 426-1번지,부평 제이타워3차 지식산업센터
2202275760,공장,매매,,"15억 2,000",15788,95,(주)공단부동산공인중개사사무소,20220207,소유자,Y,부평 제이타워3차 지식산업센터 제101호,신축아파트형공장 상하차쵝오 분양211ㅍ 전용109ㅍ 공장안차량진출입복층가,"**공장앞 주차, 부평IC인접하여 물류접근성 쵝오~ 
인천1호선 갈산역 도보5분~ 대형화물엘베~
그 외 궁금한 사항이나 산업단지 입주관련 전화문의 
주시면 자세한 상담 도와드리겠습니다~

--->이밖에 15p 30p 40p 50p 80p 100p 200p 300p 400p 500p~
1000p 2000p~ 하시 입주가~

# 청천동 부평공단내 단독공장 매각중입니다~
(250평-38억, 400평-54억, 500평-43억, 620평-95억
920평-95억, 1400평-190억, 1620평-215억)

# 부평구 지식산업센터 (구)아파트형공장 미계약분 분양중입니다~
(테타, 제타, 엠투, 유원등) 30p형~ 400만원대부터~
90%이상 대출가~ 저렴한이율 1.7%~",인천광역시 부평구 청천동 426-1번지,부평 제이타워3차 지식산업센터
2203675839,지식산업센터,월세,100,"1,000",169,86,모아부동산컨설팅공인,20220207,,N,613호,제이타워3차 공장  분양51ㅍ 전용26ㅍ ,"6층공장
베란다2.5평
층고5m
공장앞 주차가능, 상하차 가능",인천광역시 부평구 청천동 426-1번지,부평 제이타워3차 지식산업센터
2200751662,지식산업센터,매매,,"2억 9,600",98,86,모아부동산컨설팅공인,20220207,현장,Y,1024,제이타워3차 공장 전용26ㅍ 베란다2.5ㅍ,"10층 공장 고5m
동력25kw(삼상380) - 증설가능
공장내 2.5톤 차량 진입가능, 상하차 가능
",인천광역시 부평구 청천동 426-1번지,부평 제이타워3차 지식산업센터
2203034227,지식산업센터,매매,,"20억 3,136",1021,517,금강공인중개사사무소,20220207,,Y,3층314 315 316 317 318 319호,"갈산역세권, 현재 5년 병원임대완료, 투자수익10프로 ",수익률 최상의 지식산업센타 지원시설 ,인천광역시 부평구 청천동 426-1번지,부평 제이타워3차 지식산업센터
2203294359,지식산업센터,월세,110,"1,200",170,86,모아부동산컨설팅공인,20220207,,N,4층429호,,"동력25kw(삼상380)
공장앞 차량진입 및 상하차 가능
",인천광역시 부평구 청천동 426-1번지,부평 제이타워3차 지식산업센터
2202969713,지식산업센터,매매,,"3억 9,600",170,86,구월공인중개사사무소,20220207,,Y,인천광역시 부평구 청천동426-1 215호,내과 .정형외과 한방병원으로  임대중,"현) 한방병원 매매 총 호수  215호 216호 217호 218호 219호
 총 공급면적188.28평  총 전용면적 95.33평
총 매매대금 19억8천만원
 총보8천만 월790만으로 임대중",인천광역시 부평구 청천동 426-1번지,부평 제이타워3차 지식산업센터
2202795684,지식산업센터,월세,100,"1,000",170,86,모아부동산컨설팅공인,20220207,,Y,936호,제이타워3차 공장  전용26,"9층공장
공장앞 차량진입가능
층고5m
동력25kw(사용량만 자동 측정 전기료부과) 산업단지내라 전기요금이 저렴해요",인천광역시 부평구 청천동 426-1번지,부평 제이타워3차 지식산업센터
2202862869,지식산업센터,월세,120,"1,200",170,86,제이타워공단부동산공인중개사사무소,20220207,,Y,108호,전용26 저층 드라이브인 호실앞주차,"▣ 부평IC 바로 앞 지식산업센터
▣ 저층 임대
▣ 드라이브인 호실 앞 주차가능
▣ 구내식당, 은행, 커피숍, 스크린골프장 등 입점
▣ 신축 지식산업센터",인천광역시 부평구 청천동 426-1번지,부평 제이타워3차 지식산업센터
2202860702,지식산업센터,매매,,"3억 6,500",170,86,구월공인중개사사무소,20220207,,Y,인천광역시 부평구 청천동426-1 314호,내과.정형외과.한방병원 입점 진료중,"2층 현)한방종합 병원 314호 315호 316호 317호 318호 319호 총 분양면적 225.22평 전용면적 114.03평
총 보증금 8천만원  월세790만원 부가세별도
총 매매금액 21억9천",인천광역시 부평구 청천동 426-1번지,부평 제이타워3차 지식산업센터
2200635010,지식산업센터,월세,110,"1,200",98,86,모아부동산컨설팅공인,20220207,현장,Y,541,,"공장앞 상하차 및 주차 가능
층고5.5m
동력 삼상380,25kw
융자금은 공동 담보임
",인천광역시 부평구 청천동 426-1번지,부평 제이타워3차 지식산업센터
2201617951,지식산업센터,월세,140,"2,000",86,86,(주)공단부동산공인중개사사무소,20220207,소유자,Y,부평 제이타워3차 지식산업센터 제102호,신축전용29ㅍ 삼실쇼핑몰소형경량공장 부평IC 인천1호선갈산역5분 창고가 ,"* 드라이브인시스템, 전용29평, 분양58평,
인천1호선 갈산역 도보5분~ 대형화물엘베~ 
그 외 궁금한 사항이나 산업단지 입주관련 전화문의 
주시면 자세한 상담 도와드리겠습니다~ 

--->이밖에 15p 30p 40p 50p 80p 100p 200p 300p 400p 500p~
1000p 2000p~ 하시 입주가~

# 청천동 부평공단내 단독공장 매각중입니다~
(250평-38억, 400평-54억, 500평-43억, 620평-95억
920평-95억, 1400평-190억, 1620평-215억)

# 부평구 지식산업센터 (구)아파트형공장 미계약분 분양중입니다~
(테타, 제타, 엠투, 유원등) 30p형~ 400만원대부터~
90%이상 대출가~ 저렴한이율 1.7%~",인천광역시 부평구 청천동 426-1번지,부평 제이타워3차 지식산업센터
2201473686,지식산업센터,매매,,"3억 7,000",98,86,(주)공단부동산공인중개사사무소,20220207,소유자,Y,102,신축지식산업센터 1층 전용26ㅍ 분양52ㅍ 공장안차량진입가 물류창고가 ,"*부평 제이타워3차 신규 입주입니다~ 부평IC진입쵝오!!!
인천1호선 갈산역 도보5분~ 대형화물엘베~ 
그 외 궁금한 사항이나 산업단지 입주관련 전화문의 
주시면 자세한 상담 도와드리겠습니다

--->이밖에 15p 30p 40p 50p 80p 100p 200p 300p 400p 500p~
1000p 2000p~ 하시 입주가~

# 청천동 부평공단내 단독공장 매각중입니다~
(250평-38억, 400평-54억, 500평-43억, 620평-95억
920평-95억, 1400평-190억, 1620평-215억)

# 부평구 지식산업센터 (구)아파트형공장 미계약분 분양중입니다~
(테타, 제타, 엠투, 유원등) 30p형~ 400만원대부터~
90%이상 대출가~ 저렴한이율 1.7%~",인천광역시 부평구 청천동 426-1번지,부평 제이타워3차 지식산업센터
2202367528,지식산업센터,월세,150,"3,000",124,63,제이타워공단부동산공인중개사사무소,20220207,,Y,03월 11일,전용19 지식산업센터 지원시설 근린생활시설 음식점등,"▣ 전용 19평
▣ 근린생활시설
▣ 지식산업센터 내 지원시설
▣ 코너자리 (남동향/양창)
▣ 건물 내 병원, 카페, 기업은행, 스크린골프 등 입점",인천광역시 부평구 청천동 426-1번지,부평 제이타워3차 지식산업센터
2202367392,지식산업센터,월세,100,"1,000",169,86,제이타워공단부동산공인중개사사무소,20220207,,Y,840,전용26 드라이브인 층고높음,"▣ 전용 약 26평
▣ 갈산역 / 부평IC 인근
▣ 건물 내 편의점, 카페, 식당 입점
▣ 부평국가산업단지
▣ 드라이브인 시스템, 호실 앞 주차 가능
▣ 화물승강기 有",인천광역시 부평구 청천동 426-1번지,부평 제이타워3차 지식산업센터
2202367324,지식산업센터,월세,230,"3,000",80,40,제이타워공단부동산공인중개사사무소,20220207,,Y,01월 02일,전용12 첫입주 대로변 근생,"▣ 갈산역 인근
▣ 첫 즉시입주
▣ 프랜차이즈/분식점 등 추천
▣ 전용 약 12평
▣ 대로변에 있어 홍보효과 좋음",인천광역시 부평구 청천동 426-1번지,부평 제이타워3차 지식산업센터
2202367276,지식산업센터,월세,120,"1,200",169,86,제이타워공단부동산공인중개사사무소,20220207,,Y,1030호,복층O 즉시입주,"▣ 전용 약 26평
▣ 복층공사 되어있음
▣ 갈산역 / 부평IC 인근
▣ 부평국가산업단지
▣ 드라이브인 시스템, 호실 앞 주차 가능
▣ 화물승강기 有",인천광역시 부평구 청천동 426-1번지,부평 제이타워3차 지식산업센터
2202293264,중소형사무실,월세,50,500,57,29,모아부동산컨설팅공인,20220207,,Y,1207호,공장등록가능한 소형 사무실  전용9ㅍ,"부평제이타워12층
주차가능
대형화물승강기, 인승기
산업용전기 10kw",인천광역시 부평구 청천동 426-1번지,부평 제이타워3차 지식산업센터
2202293307,지식산업센터,월세,100,"1,000",170,86,모아부동산컨설팅공인,20220207,,Y,812호,,"층고5m
전기25kw",인천광역시 부평구 청천동 426-1번지,부평 제이타워3차 지식산업센터
2202293349,공장,월세,100,"1,000",15788,169,모아부동산컨설팅공인,20220207,,Y,1003,,,인천광역시 부평구 청천동 426-1번지,부평 제이타워3차 지식산업센터
2202247350,지식산업센터,월세,120,"1,000",170,86,제이타워공단부동산공인중개사사무소,20220207,,Y,214호,전용26 저층 드라이브인 호실앞주차,"▣ 부평IC 바로 앞 지식산업센터
▣ 저층임대
▣ 드라이브인 호실 앞 주차가능
▣ 구내식당, 은행, 커피숍, 스크린골프장 등 입점
▣ 신축 지식산업센터",인천광역시 부평구 청천동 426-1번지,부평 제이타워3차 지식산업센터
2202269650,지식산업센터,월세,120,"1,200",169,86,스마트밸리공인중개사사무소,20220207,,Y,부평제이타워3차 746호,," ※ 스마트밸리 공인중개사 :오경화 032-837-5344(착신번호) / 010-3749-6482

 * 전용 26평 / 보증금 1200만 / 월 120만
 * 첫 입주하는 역세권 공장입니다. 
 * 층고 6.5미터, 냉난방, 싱크대, 하중무제한, 공장등록
 * 베란다 서비스 면적 있습니다.
 * 부평IC와 가까이 있으며 갈산역까지 도보 가능합니다.
 * 소형공장, 중경량제조,창고,사무실 등 다양한 용도로 입주 가능합니다.

  [입지여건]

 * 1~4층 근린생활시설 / 1~10층 중량제조형공장 / 11~12층 경량제조, 오피스형 공장 / 13~15층 기숙사
 * 갈산역 도보 10분, 부평 고속도로 인근 
 * 9평형부터 29평까지 다양하게 구성되었습니다.

현재 보시는 매물 외에 많은 매물을 보유하고 있으니 부담 없이 편하게 전화주세요.

 ※ 스마트밸리 공인중개사 :오경화 032-837-5344(착신번호) / 010-3749-6482

스마트밸리공인중개사
인천시 연수구 송도미래로30
대표 오경화 010-3749-6482
등록번호 28185-2015-00191",인천광역시 부평구 청천동 426-1번지,부평 제이타워3차 지식산업센터
2202246925,지식산업센터,매매,,"1억 2,000",36,18,부평산단공인중개사사무소,20220207,,Y,15층 15-118호,부평제이타워3차 기숙사 용도,"부평제이타워3차 지식산업센터 13층부터 15층까지의

기숙사 용도의 매물입니다.

몇 개 되지 않는 남향입니다.

-

부평산단공인중개사사무소
032-650-5881

",인천광역시 부평구 청천동 426-1번지,부평 제이타워3차 지식산업센터
2202251575,지식산업센터,월세,55,500,57,29,부평산단공인중개사사무소,20220207,,Y,12층 1214호,아담한 소형 사무실,"전용면적 29㎡의 소형 사무실입니다.

부평제이타워3차에서는 귀한 임대매물입니다.

-

부평산단공인중개사사무소
032-650-5881",인천광역시 부평구 청천동 426-1번지,부평 제이타워3차 지식산업센터
2202152916,공장,월세,120,"1,200",15788,170,모아부동산컨설팅공인,20220207,,Y,117호,1층 공장 분양51ㅍ 전용26ㅍ 베란다2.5ㅍ,"층고6m
동력25kw(삼상380 산업용)- 증설도 가능
부평IC접함 , 갈산역 도보 5분거리
",인천광역시 부평구 청천동 426-1번지,부평 제이타워3차 지식산업센터
2201977352,지식산업센터,매매,,"1억 1,000",36,18,부평제이타워공인중개사사무소,20220207,,Y,14-088,지식산업센터내 기숙사 풀옵션,,인천광역시 부평구 청천동 426-1번지,부평 제이타워3차 지식산업센터
2201934151,창고,월세,150,"1,500",15788,114100,부평제이타워공인중개사사무소,20220207,,Y,645,복층 전용40ㅍ 에어컨 회의실 탕비실완비,"복층으로 잘 꾸며져 있습니다.
인테리어 필요없이 들어오셔서 사업만 하시면 됩니다.
",인천광역시 부평구 청천동 426-1번지,부평 제이타워3차 지식산업센터
2201970695,공장,월세,120,"1,200",15788,114100,부평제이타워공인중개사사무소,20220207,,Y,119,1층전용26ㅍ 발코니별도2.5ㅍ 6.5m높이의 소형신축공장,,인천광역시 부평구 청천동 426-1번지,부평 제이타워3차 지식산업센터
2201971513,지식산업센터,월세,120,"1,200",169,86,부평제이타워공인중개사사무소,20220207,,Y,233,"환한 저층부 공장및 창고 임대 전용26ㅍ 버란다2.5ㅍ,호실앞주차",,인천광역시 부평구 청천동 426-1번지,부평 제이타워3차 지식산업센터
2201968944,공장,월세,150,"1,500",15788,114100,부평제이타워공인중개사사무소,20220207,,Y,437,4층 복층 전용 약40ㅍ 에어컨 씽크대 사무실완비,,인천광역시 부평구 청천동 426-1번지,부평 제이타워3차 지식산업센터
2201971731,공장,월세,120,"1,200",15788,114100,부평제이타워공인중개사사무소,20220207,,Y,233,2층 전용26ㅍ 발코니별도2.5ㅍ 에어컨설치,"*에어컨설치
*출입문교체
*호실앞 물건 상하차가능
*호실앞 주차가능",인천광역시 부평구 청천동 426-1번지,부평 제이타워3차 지식산업센터
2201973308,공장,월세,70,"1,000",15788,114100,부평제이타워공인중개사사무소,20220207,,Y,1136호,전용 약15ㅍ 베란다1.5ㅍ 소형공장 사무실,,인천광역시 부평구 청천동 426-1번지,부평 제이타워3차 지식산업센터
2201974618,지식산업센터,매매,,"7억 4,000",339,172,부평제이타워공인중개사사무소,20220207,,Y,"102,103",중량제조가능 전용52ㅍ 발코니별도5ㅍ 6.5m높이의 소형신축공장,,인천광역시 부평구 청천동 426-1번지,부평 제이타워3차 지식산업센터
2201566964,지식산업센터,월세,150,"1,500",169,86,부평제이타워공인중개사사무소,20220207,,Y,645,,,인천광역시 부평구 청천동 426-1번지,부평 제이타워3차 지식산업센터
2201554932,지식산업센터,매매,,"4억 5,011",124,63,dh공인중개사사무소,20220207,,Y,2-11호,"수익좋은 투자,부평지식산업센터 근생임차중","-임차인이 맞춰진 투자매매
-부평IC 바로앞, 갈산역 초역세권
-34,000여평 대규모 복합비즈니스센터
-현.디저트카페 임차중(~2023년)
-상가전용 에스컬레이터",인천광역시 부평구 청천동 426-1번지,부평 제이타워3차 지식산업센터
2202152982,공장,월세,110,"1,200",15788,170,모아부동산컨설팅공인,20220207,,N,218호,공장내 차량진입 및 상하차가능 분양51 전용26ㅍ,"2층 공장 
층고5.5m
",인천광역시 부평구 청천동 426-1번지,부평 제이타워3차 지식산업센터
2202153039,지식산업센터,월세,120,"1,200",169,86,모아부동산컨설팅공인,20220207,,N,102호,제이타워3차1층공장  분양51ㅍ 전용26ㅍ ,"지하층 없는 1층
층고6m
동력25kw
",인천광역시 부평구 청천동 426-1번지,부평 제이타워3차 지식산업센터
2202152855,공장,월세,90,"1,000",15788,170,모아부동산컨설팅공인,20220207,,N,9층 946호,9층 공장  분양52ㅍ 전용26ㅍ 베란다2.5ㅍ,"공장앞 주차가능, 상하차 가능",인천광역시 부평구 청천동 426-1번지,부평 제이타워3차 지식산업센터
2201462331,공장,매매,,"3억 2,500",15788,114100,부평제이타워공인중개사사무소,20220207,,Y,745,7층 환한 대로변쪽 전용26ㅍ 발코니2.5ㅍ,,인천광역시 부평구 청천동 426-1번지,부평 제이타워3차 지식산업센터
2201463642,공장,매매,,"3억 7,000",15788,114100,부평제이타워공인중개사사무소,20220207,,Y,102,1층 전용26ㅍ 발코니별도2.5ㅍ 6.5m높이의 소형신축공장,,인천광역시 부평구 청천동 426-1번지,부평 제이타워3차 지식산업센터
2201462907,지식산업센터,월세,70,"1,000",97,49,부평제이타워공인중개사사무소,20220207,,Y,1141,경량제조 또는 사무실용도 전용15ㅍ 베란다1.5ㅍ,"옆호실까지 임대가능
",인천광역시 부평구 청천동 426-1번지,부평 제이타워3차 지식산업센터
2201463153,지식산업센터,매매,,"1억 8,500",100,50,부평제이타워공인중개사사무소,20220207,,Y,1256,대로변쪽 전용15.37ㅍ 발코니1.5ㅍ,,인천광역시 부평구 청천동 426-1번지,부평 제이타워3차 지식산업센터
2201462612,공장,월세,110,"1,100",15788,114100,부평제이타워공인중개사사무소,20220207,,Y,314,귀한저층 부평ic 바로 앞 갈산역 도보가능 전용26ㅍ발코니2.5ㅍ,,인천광역시 부평구 청천동 426-1번지,부평 제이타워3차 지식산업센터
2201410942,지식산업센터,단기임대,60,80,33,18,라일2차부동산공인중개사사무소,20220207,,Y,제이타워3차 지식산업센터 14-084호,"부평IC 바로옆 신축급 복층원룸, 기숙사사용가능","○ 저희  라일2차 부동산은 고객감동, 
  믿음과 신뢰를 바탕으로 성실히 중개할 것을 약속 드리며, 
  전화주시면 성심껏 답변해 드릴 것 을 약속 드립니다.○

 
★★★ 매물 정보 및 설명 ★★★

* 위치 : 부평구 청천동

* 구조 : 1룸 (방1/욕실1) 

* E/V : 있음

* 풀옵션, 공실 바로입주가능 

* 주차 :  가능

* 부평 IC 나오자마자 위치. 작전역, 갈산역 사이 위치.

* 작전홈플러스 인근

* 신축급 정말깨끗한 원룸, 넓은복층입니다

* 주변 일하시는 분들 기숙사로 사용 최고, 서울 출퇴근하시는분들 최고!! 

* 짧은 단기 문의 주세요 

* 전화, 문자, 카톡 24시간 문의 상담 가능 합니다

★  광고에 올리지못한 인천 전지역 매물 보유. 
    이사날짜, 가격, 위치, 원하시는 조건 상담후 매물 소개 가능합니다.

   매물은 많습니다. 전문적인 상담을 통해 원하시는 매물 찾을수있게 도와드립니다.",인천광역시 부평구 청천동 426-1번지,부평 제이타워3차 지식산업센터
2201364227,공장,월세,90,"1,000",15788,114100,공단타워공인중개사사사무소,20220207,,Y,842호,"전용26,신축아파트형공장 공장드라이브인가능","◎전용26P 층고6미터 서비스면적있음
◎옆호실 까지 추가 임대가능 
◎공실 즉시입주가능 
◎부평ic 바로앞 갈산역 등 주변입지조건 좋음 



이 외 공장 지식산업센터 상가 평수 층수 다양하게
매물을 보유하고 있습니다. 원하시는 조건을 맞춰드리겠습니다. 
전화 주시면 성실하고 친절하게 상담 드리겠습니다.",인천광역시 부평구 청천동 426-1번지,부평 제이타워3차 지식산업센터
2201330905,지식산업센터,월세,150,"2,000",123,62,명공인중개사사무소,20220207,,Y,02월 08일,현공실 즉시입주가,"1)2층 지원시설 제2종근린생활시설-일반음식점가능
2)드라이브인 시스템, 호실 앞 주차 가능
3)전용18p 층고 높음
4)대지 16만평 대규모 서운산업단지
5)2022.1 기준 100여개 사업장 입주완료 
6)계양, 부천 3기 신도시와 연계성 우수
7)경인고속도로 서운IC, 서울외각 순환도로 계양IC접근성우수",인천광역시 부평구 청천동 426-1번지,부평 제이타워3차 지식산업센터
2201230381,지식산업센터,월세,100,"1,000",98,86,모아부동산컨설팅공인,20220207,,Y,931호,9층공장   전용26ㅍ 베란다2.5ㅍ," * 부평IC인접  갈산지하철역인접
층고5m
 ",인천광역시 부평구 청천동 426-1번지,부평 제이타워3차 지식산업센터
2200932564,지식산업센터,월세,120,"1,200",115,58,제이타워공단부동산공인중개사사무소,20220207,,Y,04월 01일,전용18 근생 지산상가,"▣ 지식산업센터 지원시설
▣ 전용 약 18평",인천광역시 부평구 청천동 426-1번지,부평 제이타워3차 지식산업센터
2201352705,지식산업센터,월세,110,"1,200",98,86,모아부동산컨설팅공인,20220207,,N,430,제이타워3차 4층공장  전용26ㅍ 베란다2.5ㅍ,"4층 전망 좋아요
공장앞 상하차 가능
층고5.5m
동력25kw",인천광역시 부평구 청천동 426-1번지,부평 제이타워3차 지식산업센터
2201297851,공장,월세,50,500,15788,29,모아부동산컨설팅공인,20220207,,N,1214호,공장등록 가능한 사무실 전용9ㅍ,"동력10kw
화물승강기,인승기
",인천광역시 부평구 청천동 426-1번지,부평 제이타워3차 지식산업센터
2201091166,공장,월세,100,"1,000",15788,86,모아부동산컨설팅공인,20220207,,N,912호,,"층고5.0m,
동력50kw (삼상380) 증설도 가능
공장내 차량진입 및 상하차 가능",인천광역시 부평구 청천동 426-1번지,부평 제이타워3차 지식산업센터
2201091045,지식산업센터,월세,110,"1,100",169,86,모아부동산컨설팅공인,20220207,,N,328호,공장내 차량진입 및 상하차가능  전용26ㅍ 베란다2.5ㅍ,"층고5.5m
동력 산업용25kw",인천광역시 부평구 청천동 426-1번지,부평 제이타워3차 지식산업센터
2200913424,지식산업센터,월세,100,"1,000",169,86,모아부동산컨설팅공인,20220207,,N,733호,공장내 차량진입 및 상하차가능 분양51ㅍ 전용26ㅍ,제이타워3차 7층 공장 ,인천광역시 부평구 청천동 426-1번지,부평 제이타워3차 지식산업센터
2200913536,지식산업센터,월세,100,"1,000",169,86,모아부동산컨설팅공인,20220207,,N,904호,공장내 차량진입 및 상하차가능 분양51 전용26,"9층 공장  층고5m
동력25kw(삼상380)  증설도 가능
",인천광역시 부평구 청천동 426-1번지,부평 제이타워3차 지식산업센터
2200913483,지식산업센터,월세,110,"1,200",169,86,모아부동산컨설팅공인,20220207,,N,330호,,"3층 동향 공장
층고5.5m
동력25kw(삼상380) ,증설가능",인천광역시 부평구 청천동 426-1번지,부평 제이타워3차 지식산업센터
2202730621,지식산업센터,매매,,20억,742,376,구월공인중개사사무소,20220207,,N,,인천지하철 갈산역 도보7분,"
<중개대상물의 표시 · 광고 명시사항 관련정보>
개설등록번호 :28200-2019-08315
입주가능일 :20220204
방향기준 :주출입구
건축물용도 :의료시설
사용승인일 :20201110",인천광역시 부평구 청천동 426-1번지,부평 제이타워3차 지식산업센터
,,,,,,,,,,,,,,,
,,,,,,,,,,,,,,,
,,,,,,,,,,,,,,,
,,,,,,,,,,,,,,,
,,,,,,,,,,,,,,,
,,,,,,,,,,,,,,,
,,,,,,,,,,,,,,,
,,,,,,,,,,,,,,,
,,,,,,,,,,,,,,,
,,,,,,,,,,,,,,,
,,,,,,,,,,,,,,,
,,,,,,,,,,,,,,,
,,,,,,,,,,,,,,,
,,,,,,,,,,,,,,,
,,,,,,,,,,,,,,,
,,,,,,,,,,,,,,,
,,,,,,,,,,,,,,,
,,,,,,,,,,,,,,,
,,,,,,,,,,,,,,,
,,,,,,,,,,,,,,,
,,,,,,,,,,,,,,,
,,,,,,,,,,,,,,,
,,,,,,,,,,,,,,,
,,,,,,,,,,,,,,,
,,,,,,,,,,,,,,,
,,,,,,,,,,,,,,,
,,,,,,,,,,,,,,,
,,,,,,,,,,,,,,,
,,,,,,,,,,,,,,,
,,,,,,,,,,,,,,,
,,,,,,,,,,,,,,,
,,,,,,,,,,,,,,,
,,,,,,,,,,,,,,,
,,,,,,,,,,,,,,,
,,,,,,,,,,,,,,,
,,,,,,,,,,,,,,,
,,,,,,,,,,,,,,,
,,,,,,,,,,,,,,,
,,,,,,,,,,,,,,,
,,,,,,,,,,,,,,,
,,,,,,,,,,,,,,,
,,,,,,,,,,,,,,,
,,,,,,,,,,,,,,,
,,,,,,,,,,,,,,,
,,,,,,,,,,,,,,,
,,,,,,,,,,,,,,,
,,,,,,,,,,,,,,,
,,,,,,,,,,,,,,,
,,,,,,,,,,,,,,,
,,,,,,,,,,,,,,,
,,,,,,,,,,,,,,,
,,,,,,,,,,,,,,,
,,,,,,,,,,,,,,,
,,,,,,,,,,,,,,,
,,,,,,,,,,,,,,,
,,,,,,,,,,,,,,,
,,,,,,,,,,,,,,,
,,,,,,,,,,,,,,,
,,,,,,,,,,,,,,,
,,,,,,,,,,,,,,,
,,,,,,,,,,,,,,,
,,,,,,,,,,,,,,,
,,,,,,,,,,,,,,,
,,,,,,,,,,,,,,,
,,,,,,,,,,,,,,,
,,,,,,,,,,,,,,,
,,,,,,,,,,,,,,,
,,,,,,,,,,,,,,,
,,,,,,,,,,,,,,,
,,,,,,,,,,,,,,,
,,,,,,,,,,,,,,,
,,,,,,,,,,,,,,,
,,,,,,,,,,,,,,,
,,,,,,,,,,,,,,,
,,,,,,,,,,,,,,,
,,,,,,,,,,,,,,,
,,,,,,,,,,,,,,,
,,,,,,,,,,,,,,,
,,,,,,,,,,,,,,,
,,,,,,,,,,,,,,,
,,,,,,,,,,,,,,,
,,,,,,,,,,,,,,,
,,,,,,,,,,,,,,,
,,,,,,,,,,,,,,,
,,,,,,,,,,,,,,,
,,,,,,,,,,,,,,,
,,,,,,,,,,,,,,,
,,,,,,,,,,,,,,,
,,,,,,,,,,,,,,,
,,,,,,,,,,,,,,,
,,,,,,,,,,,,,,,
,,,,,,,,,,,,,,,
,,,,,,,,,,,,,,,
,,,,,,,,,,,,,,,
,,,,,,,,,,,,,,,
,,,,,,,,,,,,,,,
,,,,,,,,,,,,,,,
,,,,,,,,,,,,,,,
,,,,,,,,,,,,,,,
,,,,,,,,,,,,,,,
,,,,,,,,,,,,,,,
,,,,,,,,,,,,,,,
,,,,,,,,,,,,,,,
,,,,,,,,,,,,,,,
,,,,,,,,,,,,,,,
,,,,,,,,,,,,,,,
,,,,,,,,,,,,,,,
,,,,,,,,,,,,,,,
,,,,,,,,,,,,,,,
,,,,,,,,,,,,,,,
,,,,,,,,,,,,,,,
,,,,,,,,,,,,,,,
,,,,,,,,,,,,,,,
,,,,,,,,,,,,,,,
,,,,,,,,,,,,,,,
,,,,,,,,,,,,,,,
,,,,,,,,,,,,,,,
,,,,,,,,,,,,,,,
,,,,,,,,,,,,,,,
,,,,,,,,,,,,,,,
,,,,,,,,,,,,,,,
,,,,,,,,,,,,,,,
,,,,,,,,,,,,,,,
,,,,,,,,,,,,,,,
,,,,,,,,,,,,,,,
,,,,,,,,,,,,,,,
,,,,,,,,,,,,,,,
,,,,,,,,,,,,,,,
,,,,,,,,,,,,,,,
,,,,,,,,,,,,,,,
,,,,,,,,,,,,,,,
,,,,,,,,,,,,,,,
,,,,,,,,,,,,,,,
,,,,,,,,,,,,,,,
,,,,,,,,,,,,,,,
,,,,,,,,,,,,,,,
,,,,,,,,,,,,,,,
,,,,,,,,,,,,,,,
,,,,,,,,,,,,,,,
,,,,,,,,,,,,,,,
,,,,,,,,,,,,,,,
,,,,,,,,,,,,,,,
,,,,,,,,,,,,,,,
,,,,,,,,,,,,,,,
,,,,,,,,,,,,,,,
,,,,,,,,,,,,,,,
,,,,,,,,,,,,,,,
,,,,,,,,,,,,,,,
,,,,,,,,,,,,,,,
,,,,,,,,,,,,,,,
,,,,,,,,,,,,,,,
,,,,,,,,,,,,,,,
,,,,,,,,,,,,,,,
,,,,,,,,,,,,,,,
,,,,,,,,,,,,,,,
,,,,,,,,,,,,,,,
,,,,,,,,,,,,,,,
,,,,,,,,,,,,,,,
,,,,,,,,,,,,,,,
,,,,,,,,,,,,,,,
,,,,,,,,,,,,,,,
,,,,,,,,,,,,,,,
,,,,,,,,,,,,,,,
,,,,,,,,,,,,,,,
,,,,,,,,,,,,,,,
,,,,,,,,,,,,,,,
,,,,,,,,,,,,,,,
,,,,,,,,,,,,,,,
,,,,,,,,,,,,,,,
,,,,,,,,,,,,,,,
,,,,,,,,,,,,,,,
,,,,,,,,,,,,,,,
,,,,,,,,,,,,,,,
,,,,,,,,,,,,,,,
,,,,,,,,,,,,,,,
,,,,,,,,,,,,,,,
,,,,,,,,,,,,,,,
,,,,,,,,,,,,,,,
,,,,,,,,,,,,,,,
,,,,,,,,,,,,,,,
,,,,,,,,,,,,,,,
,,,,,,,,,,,,,,,
,,,,,,,,,,,,,,,
,,,,,,,,,,,,,,,
,,,,,,,,,,,,,,,
,,,,,,,,,,,,,,,
,,,,,,,,,,,,,,,
,,,,,,,,,,,,,,,
,,,,,,,,,,,,,,,
,,,,,,,,,,,,,,,
,,,,,,,,,,,,,,,
,,,,,,,,,,,,,,,
,,,,,,,,,,,,,,,
,,,,,,,,,,,,,,,
,,,,,,,,,,,,,,,
,,,,,,,,,,,,,,,
,,,,,,,,,,,,,,,
,,,,,,,,,,,,,,,
,,,,,,,,,,,,,,,
,,,,,,,,,,,,,,,
,,,,,,,,,,,,,,,
,,,,,,,,,,,,,,,
,,,,,,,,,,,,,,,
,,,,,,,,,,,,,,,
,,,,,,,,,,,,,,,
,,,,,,,,,,,,,,,
,,,,,,,,,,,,,,,
,,,,,,,,,,,,,,,
,,,,,,,,,,,,,,,
,,,,,,,,,,,,,,,
,,,,,,,,,,,,,,,
,,,,,,,,,,,,,,,
,,,,,,,,,,,,,,,
,,,,,,,,,,,,,,,
,,,,,,,,,,,,,,,
,,,,,,,,,,,,,,,
,,,,,,,,,,,,,,,
,,,,,,,,,,,,,,,
,,,,,,,,,,,,,,,
,,,,,,,,,,,,,,,
,,,,,,,,,,,,,,,
,,,,,,,,,,,,,,,
,,,,,,,,,,,,,,,
,,,,,,,,,,,,,,,
,,,,,,,,,,,,,,,
,,,,,,,,,,,,,,,
,,,,,,,,,,,,,,,
,,,,,,,,,,,,,,,
,,,,,,,,,,,,,,,
,,,,,,,,,,,,,,,
,,,,,,,,,,,,,,,
,,,,,,,,,,,,,,,
,,,,,,,,,,,,,,,
,,,,,,,,,,,,,,,
,,,,,,,,,,,,,,,
,,,,,,,,,,,,,,,
,,,,,,,,,,,,,,,
,,,,,,,,,,,,,,,
,,,,,,,,,,,,,,,
,,,,,,,,,,,,,,,
,,,,,,,,,,,,,,,
,,,,,,,,,,,,,,,
,,,,,,,,,,,,,,,
,,,,,,,,,,,,,,,
,,,,,,,,,,,,,,,
,,,,,,,,,,,,,,,
,,,,,,,,,,,,,,,
,,,,,,,,,,,,,,,
,,,,,,,,,,,,,,,
,,,,,,,,,,,,,,,
,,,,,,,,,,,,,,,
,,,,,,,,,,,,,,,
,,,,,,,,,,,,,,,
,,,,,,,,,,,,,,,
,,,,,,,,,,,,,,,
,,,,,,,,,,,,,,,
,,,,,,,,,,,,,,,
,,,,,,,,,,,,,,,
,,,,,,,,,,,,,,,
,,,,,,,,,,,,,,,
,,,,,,,,,,,,,,,
,,,,,,,,,,,,,,,
,,,,,,,,,,,,,,,
,,,,,,,,,,,,,,,
,,,,,,,,,,,,,,,
,,,,,,,,,,,,,,,
,,,,,,,,,,,,,,,
,,,,,,,,,,,,,,,
,,,,,,,,,,,,,,,
,,,,,,,,,,,,,,,
,,,,,,,,,,,,,,,
,,,,,,,,,,,,,,,
,,,,,,,,,,,,,,,
,,,,,,,,,,,,,,,
,,,,,,,,,,,,,,,
,,,,,,,,,,,,,,,
,,,,,,,,,,,,,,,
,,,,,,,,,,,,,,,
,,,,,,,,,,,,,,,
,,,,,,,,,,,,,,,
,,,,,,,,,,,,,,,
,,,,,,,,,,,,,,,
,,,,,,,,,,,,,,,
,,,,,,,,,,,,,,,
,,,,,,,,,,,,,,,
,,,,,,,,,,,,,,,
,,,,,,,,,,,,,,,
,,,,,,,,,,,,,,,
,,,,,,,,,,,,,,,
,,,,,,,,,,,,,,,
,,,,,,,,,,,,,,,
,,,,,,,,,,,,,,,
,,,,,,,,,,,,,,,
,,,,,,,,,,,,,,,
,,,,,,,,,,,,,,,
,,,,,,,,,,,,,,,
,,,,,,,,,,,,,,,
,,,,,,,,,,,,,,,
,,,,,,,,,,,,,,,
,,,,,,,,,,,,,,,
,,,,,,,,,,,,,,,
,,,,,,,,,,,,,,,
,,,,,,,,,,,,,,,
,,,,,,,,,,,,,,,
,,,,,,,,,,,,,,,
,,,,,,,,,,,,,,,
,,,,,,,,,,,,,,,
,,,,,,,,,,,,,,,
,,,,,,,,,,,,,,,
,,,,,,,,,,,,,,,
,,,,,,,,,,,,,,,
,,,,,,,,,,,,,,,
,,,,,,,,,,,,,,,
,,,,,,,,,,,,,,,
,,,,,,,,,,,,,,,
,,,,,,,,,,,,,,,
,,,,,,,,,,,,,,,
,,,,,,,,,,,,,,,
,,,,,,,,,,,,,,,
,,,,,,,,,,,,,,,
,,,,,,,,,,,,,,,
,,,,,,,,,,,,,,,
,,,,,,,,,,,,,,,
,,,,,,,,,,,,,,,
,,,,,,,,,,,,,,,
,,,,,,,,,,,,,,,
,,,,,,,,,,,,,,,
,,,,,,,,,,,,,,,
,,,,,,,,,,,,,,,
,,,,,,,,,,,,,,,
,,,,,,,,,,,,,,,
,,,,,,,,,,,,,,,
,,,,,,,,,,,,,,,
,,,,,,,,,,,,,,,
,,,,,,,,,,,,,,,
,,,,,,,,,,,,,,,
,,,,,,,,,,,,,,,
,,,,,,,,,,,,,,,
,,,,,,,,,,,,,,,
,,,,,,,,,,,,,,,
,,,,,,,,,,,,,,,
,,,,,,,,,,,,,,,
,,,,,,,,,,,,,,,
,,,,,,,,,,,,,,,
,,,,,,,,,,,,,,,
,,,,,,,,,,,,,,,
,,,,,,,,,,,,,,,
,,,,,,,,,,,,,,,
,,,,,,,,,,,,,,,
,,,,,,,,,,,,,,,
,,,,,,,,,,,,,,,
,,,,,,,,,,,,,,,
,,,,,,,,,,,,,,,
,,,,,,,,,,,,,,,
,,,,,,,,,,,,,,,
,,,,,,,,,,,,,,,
,,,,,,,,,,,,,,,
,,,,,,,,,,,,,,,
,,,,,,,,,,,,,,,
,,,,,,,,,,,,,,,
,,,,,,,,,,,,,,,
,,,,,,,,,,,,,,,
,,,,,,,,,,,,,,,
,,,,,,,,,,,,,,,
,,,,,,,,,,,,,,,
,,,,,,,,,,,,,,,
,,,,,,,,,,,,,,,
,,,,,,,,,,,,,,,
,,,,,,,,,,,,,,,
,,,,,,,,,,,,,,,
,,,,,,,,,,,,,,,
,,,,,,,,,,,,,,,
,,,,,,,,,,,,,,,
,,,,,,,,,,,,,,,
,,,,,,,,,,,,,,,
,,,,,,,,,,,,,,,
,,,,,,,,,,,,,,,
,,,,,,,,,,,,,,,
,,,,,,,,,,,,,,,
,,,,,,,,,,,,,,,
,,,,,,,,,,,,,,,
,,,,,,,,,,,,,,,
,,,,,,,,,,,,,,,
,,,,,,,,,,,,,,,
,,,,,,,,,,,,,,,
,,,,,,,,,,,,,,,
,,,,,,,,,,,,,,,
,,,,,,,,,,,,,,,
,,,,,,,,,,,,,,,
,,,,,,,,,,,,,,,
,,,,,,,,,,,,,,,
,,,,,,,,,,,,,,,
,,,,,,,,,,,,,,,
,,,,,,,,,,,,,,,
,,,,,,,,,,,,,,,
,,,,,,,,,,,,,,,
,,,,,,,,,,,,,,,
,,,,,,,,,,,,,,,
,,,,,,,,,,,,,,,
,,,,,,,,,,,,,,,
,,,,,,,,,,,,,,,
,,,,,,,,,,,,,,,
,,,,,,,,,,,,,,,
,,,,,,,,,,,,,,,
,,,,,,,,,,,,,,,
,,,,,,,,,,,,,,,
,,,,,,,,,,,,,,,
,,,,,,,,,,,,,,,
,,,,,,,,,,,,,,,
,,,,,,,,,,,,,,,
,,,,,,,,,,,,,,,
,,,,,,,,,,,,,,,
,,,,,,,,,,,,,,,
,,,,,,,,,,,,,,,
,,,,,,,,,,,,,,,
,,,,,,,,,,,,,,,
,,,,,,,,,,,,,,,
,,,,,,,,,,,,,,,
,,,,,,,,,,,,,,,
,,,,,,,,,,,,,,,
,,,,,,,,,,,,,,,
,,,,,,,,,,,,,,,
,,,,,,,,,,,,,,,
,,,,,,,,,,,,,,,
,,,,,,,,,,,,,,,
,,,,,,,,,,,,,,,
,,,,,,,,,,,,,,,
,,,,,,,,,,,,,,,
,,,,,,,,,,,,,,,
,,,,,,,,,,,,,,,
,,,,,,,,,,,,,,,
,,,,,,,,,,,,,,,
,,,,,,,,,,,,,,,
,,,,,,,,,,,,,,,
,,,,,,,,,,,,,,,
,,,,,,,,,,,,,,,
,,,,,,,,,,,,,,,
,,,,,,,,,,,,,,,
,,,,,,,,,,,,,,,
,,,,,,,,,,,,,,,
,,,,,,,,,,,,,,,
,,,,,,,,,,,,,,,
,,,,,,,,,,,,,,,
,,,,,,,,,,,,,,,
,,,,,,,,,,,,,,,
,,,,,,,,,,,,,,,
,,,,,,,,,,,,,,,
,,,,,,,,,,,,,,,
,,,,,,,,,,,,,,,
,,,,,,,,,,,,,,,
,,,,,,,,,,,,,,,
,,,,,,,,,,,,,,,
,,,,,,,,,,,,,,,
,,,,,,,,,,,,,,,
,,,,,,,,,,,,,,,
,,,,,,,,,,,,,,,
,,,,,,,,,,,,,,,
,,,,,,,,,,,,,,,
,,,,,,,,,,,,,,,
,,,,,,,,,,,,,,,
,,,,,,,,,,,,,,,
,,,,,,,,,,,,,,,
,,,,,,,,,,,,,,,
,,,,,,,,,,,,,,,
,,,,,,,,,,,,,,,
,,,,,,,,,,,,,,,
,,,,,,,,,,,,,,,
,,,,,,,,,,,,,,,
,,,,,,,,,,,,,,,
,,,,,,,,,,,,,,,
,,,,,,,,,,,,,,,
,,,,,,,,,,,,,,,
,,,,,,,,,,,,,,,
,,,,,,,,,,,,,,,
,,,,,,,,,,,,,,,
,,,,,,,,,,,,,,,
,,,,,,,,,,,,,,,
,,,,,,,,,,,,,,,
,,,,,,,,,,,,,,,
,,,,,,,,,,,,,,,
,,,,,,,,,,,,,,,
,,,,,,,,,,,,,,,
,,,,,,,,,,,,,,,
,,,,,,,,,,,,,,,
,,,,,,,,,,,,,,,
,,,,,,,,,,,,,,,
,,,,,,,,,,,,,,,
,,,,,,,,,,,,,,,
,,,,,,,,,,,,,,,
,,,,,,,,,,,,,,,
,,,,,,,,,,,,,,,
,,,,,,,,,,,,,,,
,,,,,,,,,,,,,,,
,,,,,,,,,,,,,,,
,,,,,,,,,,,,,,,
,,,,,,,,,,,,,,,
,,,,,,,,,,,,,,,
,,,,,,,,,,,,,,,
,,,,,,,,,,,,,,,
,,,,,,,,,,,,,,,
,,,,,,,,,,,,,,,
,,,,,,,,,,,,,,,
,,,,,,,,,,,,,,,
,,,,,,,,,,,,,,,
,,,,,,,,,,,,,,,
,,,,,,,,,,,,,,,
,,,,,,,,,,,,,,,
,,,,,,,,,,,,,,,
,,,,,,,,,,,,,,,
,,,,,,,,,,,,,,,
,,,,,,,,,,,,,,,
,,,,,,,,,,,,,,,
,,,,,,,,,,,,,,,
,,,,,,,,,,,,,,,
,,,,,,,,,,,,,,,
,,,,,,,,,,,,,,,
,,,,,,,,,,,,,,,
,,,,,,,,,,,,,,,
,,,,,,,,,,,,,,,
,,,,,,,,,,,,,,,
,,,,,,,,,,,,,,,
,,,,,,,,,,,,,,,
,,,,,,,,,,,,,,,
,,,,,,,,,,,,,,,
,,,,,,,,,,,,,,,
,,,,,,,,,,,,,,,
,,,,,,,,,,,,,,,
,,,,,,,,,,,,,,,
,,,,,,,,,,,,,,,
,,,,,,,,,,,,,,,
,,,,,,,,,,,,,,,
,,,,,,,,,,,,,,,
,,,,,,,,,,,,,,,
,,,,,,,,,,,,,,,
,,,,,,,,,,,,,,,
,,,,,,,,,,,,,,,
,,,,,,,,,,,,,,,
,,,,,,,,,,,,,,,
,,,,,,,,,,,,,,,
,,,,,,,,,,,,,,,
,,,,,,,,,,,,,,,
,,,,,,,,,,,,,,,
,,,,,,,,,,,,,,,
,,,,,,,,,,,,,,,
,,,,,,,,,,,,,,,
,,,,,,,,,,,,,,,
,,,,,,,,,,,,,,,
,,,,,,,,,,,,,,,
,,,,,,,,,,,,,,,
,,,,,,,,,,,,,,,
,,,,,,,,,,,,,,,
,,,,,,,,,,,,,,,
,,,,,,,,,,,,,,,
,,,,,,,,,,,,,,,
,,,,,,,,,,,,,,,
,,,,,,,,,,,,,,,
,,,,,,,,,,,,,,,
,,,,,,,,,,,,,,,
,,,,,,,,,,,,,,,
,,,,,,,,,,,,,,,
,,,,,,,,,,,,,,,
,,,,,,,,,,,,,,,
,,,,,,,,,,,,,,,
,,,,,,,,,,,,,,,
,,,,,,,,,,,,,,,
,,,,,,,,,,,,,,,
,,,,,,,,,,,,,,,
,,,,,,,,,,,,,,,
,,,,,,,,,,,,,,,
,,,,,,,,,,,,,,,
,,,,,,,,,,,,,,,
,,,,,,,,,,,,,,,
,,,,,,,,,,,,,,,
,,,,,,,,,,,,,,,
,,,,,,,,,,,,,,,
,,,,,,,,,,,,,,,
,,,,,,,,,,,,,,,
,,,,,,,,,,,,,,,
,,,,,,,,,,,,,,,
,,,,,,,,,,,,,,,
,,,,,,,,,,,,,,,
,,,,,,,,,,,,,,,
,,,,,,,,,,,,,,,
,,,,,,,,,,,,,,,
,,,,,,,,,,,,,,,
,,,,,,,,,,,,,,,
,,,,,,,,,,,,,,,
,,,,,,,,,,,,,,,
,,,,,,,,,,,,,,,
,,,,,,,,,,,,,,,
,,,,,,,,,,,,,,,
,,,,,,,,,,,,,,,
,,,,,,,,,,,,,,,
,,,,,,,,,,,,,,,
,,,,,,,,,,,,,,,
,,,,,,,,,,,,,,,
,,,,,,,,,,,,,,,
,,,,,,,,,,,,,,,
,,,,,,,,,,,,,,,
,,,,,,,,,,,,,,,
,,,,,,,,,,,,,,,
,,,,,,,,,,,,,,,
,,,,,,,,,,,,,,,
,,,,,,,,,,,,,,,
,,,,,,,,,,,,,,,
,,,,,,,,,,,,,,,
,,,,,,,,,,,,,,,
,,,,,,,,,,,,,,,
,,,,,,,,,,,,,,,
,,,,,,,,,,,,,,,
,,,,,,,,,,,,,,,
,,,,,,,,,,,,,,,
,,,,,,,,,,,,,,,
,,,,,,,,,,,,,,,
,,,,,,,,,,,,,,,
,,,,,,,,,,,,,,,
,,,,,,,,,,,,,,,
,,,,,,,,,,,,,,,
,,,,,,,,,,,,,,,
,,,,,,,,,,,,,,,
,,,,,,,,,,,,,,,
,,,,,,,,,,,,,,,
,,,,,,,,,,,,,,,
,,,,,,,,,,,,,,,
,,,,,,,,,,,,,,,
,,,,,,,,,,,,,,,
,,,,,,,,,,,,,,,
,,,,,,,,,,,,,,,
,,,,,,,,,,,,,,,
,,,,,,,,,,,,,,,
,,,,,,,,,,,,,,,
,,,,,,,,,,,,,,,
,,,,,,,,,,,,,,,
,,,,,,,,,,,,,,,
,,,,,,,,,,,,,,,
,,,,,,,,,,,,,,,
,,,,,,,,,,,,,,,
,,,,,,,,,,,,,,,
,,,,,,,,,,,,,,,
,,,,,,,,,,,,,,,
,,,,,,,,,,,,,,,
,,,,,,,,,,,,,,,
,,,,,,,,,,,,,,,
,,,,,,,,,,,,,,,
,,,,,,,,,,,,,,,
,,,,,,,,,,,,,,,
,,,,,,,,,,,,,,,
,,,,,,,,,,,,,,,
,,,,,,,,,,,,,,,
,,,,,,,,,,,,,,,
,,,,,,,,,,,,,,,
,,,,,,,,,,,,,,,
,,,,,,,,,,,,,,,
,,,,,,,,,,,,,,,
,,,,,,,,,,,,,,,
,,,,,,,,,,,,,,,
,,,,,,,,,,,,,,,
,,,,,,,,,,,,,,,
,,,,,,,,,,,,,,,
,,,,,,,,,,,,,,,
,,,,,,,,,,,,,,,
,,,,,,,,,,,,,,,
,,,,,,,,,,,,,,,
,,,,,,,,,,,,,,,
,,,,,,,,,,,,,,,
,,,,,,,,,,,,,,,
,,,,,,,,,,,,,,,
,,,,,,,,,,,,,,,
,,,,,,,,,,,,,,,
,,,,,,,,,,,,,,,
,,,,,,,,,,,,,,,
,,,,,,,,,,,,,,,
,,,,,,,,,,,,,,,
,,,,,,,,,,,,,,,
,,,,,,,,,,,,,,,
,,,,,,,,,,,,,,,
,,,,,,,,,,,,,,,
,,,,,,,,,,,,,,,
,,,,,,,,,,,,,,,
,,,,,,,,,,,,,,,
,,,,,,,,,,,,,,,
,,,,,,,,,,,,,,,
,,,,,,,,,,,,,,,
,,,,,,,,,,,,,,,
,,,,,,,,,,,,,,,
,,,,,,,,,,,,,,,
,,,,,,,,,,,,,,,
,,,,,,,,,,,,,,,
,,,,,,,,,,,,,,,
,,,,,,,,,,,,,,,
,,,,,,,,,,,,,,,
,,,,,,,,,,,,,,,
,,,,,,,,,,,,,,,
,,,,,,,,,,,,,,,
,,,,,,,,,,,,,,,
,,,,,,,,,,,,,,,
,,,,,,,,,,,,,,,
,,,,,,,,,,,,,,,
,,,,,,,,,,,,,,,
,,,,,,,,,,,,,,,
,,,,,,,,,,,,,,,
,,,,,,,,,,,,,,,
,,,,,,,,,,,,,,,
,,,,,,,,,,,,,,,
,,,,,,,,,,,,,,,
,,,,,,,,,,,,,,,
,,,,,,,,,,,,,,,
,,,,,,,,,,,,,,,
,,,,,,,,,,,,,,,
,,,,,,,,,,,,,,,
,,,,,,,,,,,,,,,
,,,,,,,,,,,,,,,
,,,,,,,,,,,,,,,
,,,,,,,,,,,,,,,
,,,,,,,,,,,,,,,
,,,,,,,,,,,,,,,
,,,,,,,,,,,,,,,
,,,,,,,,,,,,,,,
,,,,,,,,,,,,,,,
,,,,,,,,,,,,,,,
,,,,,,,,,,,,,,,
,,,,,,,,,,,,,,,
,,,,,,,,,,,,,,,
,,,,,,,,,,,,,,,
,,,,,,,,,,,,,,,
,,,,,,,,,,,,,,,
,,,,,,,,,,,,,,,
,,,,,,,,,,,,,,,
,,,,,,,,,,,,,,,
,,,,,,,,,,,,,,,
,,,,,,,,,,,,,,,
,,,,,,,,,,,,,,,
,,,,,,,,,,,,,,,
,,,,,,,,,,,,,,,
,,,,,,,,,,,,,,,
,,,,,,,,,,,,,,,
,,,,,,,,,,,,,,,
,,,,,,,,,,,,,,,
,,,,,,,,,,,,,,,
,,,,,,,,,,,,,,,
,,,,,,,,,,,,,,,
,,,,,,,,,,,,,,,
,,,,,,,,,,,,,,,
,,,,,,,,,,,,,,,
,,,,,,,,,,,,,,,
,,,,,,,,,,,,,,,
,,,,,,,,,,,,,,,
,,,,,,,,,,,,,,,
,,,,,,,,,,,,,,,
,,,,,,,,,,,,,,,
,,,,,,,,,,,,,,,
,,,,,,,,,,,,,,,
,,,,,,,,,,,,,,,
,,,,,,,,,,,,,,,
,,,,,,,,,,,,,,,
,,,,,,,,,,,,,,,
,,,,,,,,,,,,,,,
,,,,,,,,,,,,,,,
,,,,,,,,,,,,,,,
,,,,,,,,,,,,,,,
,,,,,,,,,,,,,,,
,,,,,,,,,,,,,,,
,,,,,,,,,,,,,,,
,,,,,,,,,,,,,,,
,,,,,,,,,,,,,,,
,,,,,,,,,,,,,,,
,,,,,,,,,,,,,,,
,,,,,,,,,,,,,,,
,,,,,,,,,,,,,,,
,,,,,,,,,,,,,,,
,,,,,,,,,,,,,,,
,,,,,,,,,,,,,,,
,,,,,,,,,,,,,,,
,,,,,,,,,,,,,,,
,,,,,,,,,,,,,,,
,,,,,,,,,,,,,,,
,,,,,,,,,,,,,,,
,,,,,,,,,,,,,,,
,,,,,,,,,,,,,,,
,,,,,,,,,,,,,,,
,,,,,,,,,,,,,,,
,,,,,,,,,,,,,,,
,,,,,,,,,,,,,,,
,,,,,,,,,,,,,,,
,,,,,,,,,,,,,,,
,,,,,,,,,,,,,,,
,,,,,,,,,,,,,,,
,,,,,,,,,,,,,,,
,,,,,,,,,,,,,,,
,,,,,,,,,,,,,,,
,,,,,,,,,,,,,,,
,,,,,,,,,,,,,,,
,,,,,,,,,,,,,,,
,,,,,,,,,,,,,,,
,,,,,,,,,,,,,,,
,,,,,,,,,,,,,,,
,,,,,,,,,,,,,,,
,,,,,,,,,,,,,,,
,,,,,,,,,,,,,,,
,,,,,,,,,,,,,,,
,,,,,,,,,,,,,,,
,,,,,,,,,,,,,,,
,,,,,,,,,,,,,,,
,,,,,,,,,,,,,,,
,,,,,,,,,,,,,,,
,,,,,,,,,,,,,,,
,,,,,,,,,,,,,,,
,,,,,,,,,,,,,,,
,,,,,,,,,,,,,,,
,,,,,,,,,,,,,,,
,,,,,,,,,,,,,,,
,,,,,,,,,,,,,,,
,,,,,,,,,,,,,,,
,,,,,,,,,,,,,,,
,,,,,,,,,,,,,,,
,,,,,,,,,,,,,,,
,,,,,,,,,,,,,,,
,,,,,,,,,,,,,,,
,,,,,,,,,,,,,,,
,,,,,,,,,,,,,,,
,,,,,,,,,,,,,,,
,,,,,,,,,,,,,,,
,,,,,,,,,,,,,,,
,,,,,,,,,,,,,,,
,,,,,,,,,,,,,,,
,,,,,,,,,,,,,,,
,,,,,,,,,,,,,,,
,,,,,,,,,,,,,,,
,,,,,,,,,,,,,,,
,,,,,,,,,,,,,,,
,,,,,,,,,,,,,,,
,,,,,,,,,,,,,,,
,,,,,,,,,,,,,,,
,,,,,,,,,,,,,,,
,,,,,,,,,,,,,,,
,,,,,,,,,,,,,,,
,,,,,,,,,,,,,,,
,,,,,,,,,,,,,,,
,,,,,,,,,,,,,,,
,,,,,,,,,,,,,,,
,,,,,,,,,,,,,,,
,,,,,,,,,,,,,,,
,,,,,,,,,,,,,,,
,,,,,,,,,,,,,,,
,,,,,,,,,,,,,,,
,,,,,,,,,,,,,,,
,,,,,,,,,,,,,,,
,,,,,,,,,,,,,,,
,,,,,,,,,,,,,,,
,,,,,,,,,,,,,,,
,,,,,,,,,,,,,,,
,,,,,,,,,,,,,,,
,,,,,,,,,,,,,,,
,,,,,,,,,,,,,,,
,,,,,,,,,,,,,,,
,,,,,,,,,,,,,,,
,,,,,,,,,,,,,,,
,,,,,,,,,,,,,,,
,,,,,,,,,,,,,,,
,,,,,,,,,,,,,,,
,,,,,,,,,,,,,,,
,,,,,,,,,,,,,,,
,,,,,,,,,,,,,,,
,,,,,,,,,,,,,,,
,,,,,,,,,,,,,,,
,,,,,,,,,,,,,,,
,,,,,,,,,,,,,,,
,,,,,,,,,,,,,,,
,,,,,,,,,,,,,,,
,,,,,,,,,,,,,,,
,,,,,,,,,,,,,,,
,,,,,,,,,,,,,,,
,,,,,,,,,,,,,,,
,,,,,,,,,,,,,,,
,,,,,,,,,,,,,,,
,,,,,,,,,,,,,,,
,,,,,,,,,,,,,,,
,,,,,,,,,,,,,,,
,,,,,,,,,,,,,,,
,,,,,,,,,,,,,,,
,,,,,,,,,,,,,,,
,,,,,,,,,,,,,,,
,,,,,,,,,,,,,,,
,,,,,,,,,,,,,,,
,,,,,,,,,,,,,,,
,,,,,,,,,,,,,,,
,,,,,,,,,,,,,,,
,,,,,,,,,,,,,,,
,,,,,,,,,,,,,,,
,,,,,,,,,,,,,,,
,,,,,,,,,,,,,,,
,,,,,,,,,,,,,,,
,,,,,,,,,,,,,,,
,,,,,,,,,,,,,,,
,,,,,,,,,,,,,,,
,,,,,,,,,,,,,,,
,,,,,,,,,,,,,,,
,,,,,,,,,,,,,,,
,,,,,,,,,,,,,,,
,,,,,,,,,,,,,,,
,,,,,,,,,,,,,,,
,,,,,,,,,,,,,,,
,,,,,,,,,,,,,,,
,,,,,,,,,,,,,,,
,,,,,,,,,,,,,,,
,,,,,,,,,,,,,,,
,,,,,,,,,,,,,,,
,,,,,,,,,,,,,,,
,,,,,,,,,,,,,,,
,,,,,,,,,,,,,,,
,,,,,,,,,,,,,,,
,,,,,,,,,,,,,,,
,,,,,,,,,,,,,,,
,,,,,,,,,,,,,,,
,,,,,,,,,,,,,,,
,,,,,,,,,,,,,,,
,,,,,,,,,,,,,,,
,,,,,,,,,,,,,,,
,,,,,,,,,,,,,,,
,,,,,,,,,,,,,,,
,,,,,,,,,,,,,,,
,,,,,,,,,,,,,,,
,,,,,,,,,,,,,,,
,,,,,,,,,,,,,,,
,,,,,,,,,,,,,,,
,,,,,,,,,,,,,,,
,,,,,,,,,,,,,,,
,,,,,,,,,,,,,,,
,,,,,,,,,,,,,,,
,,,,,,,,,,,,,,,
,,,,,,,,,,,,,,,
,,,,,,,,,,,,,,,
,,,,,,,,,,,,,,,
,,,,,,,,,,,,,,,
,,,,,,,,,,,,,,,
,,,,,,,,,,,,,,,
,,,,,,,,,,,,,,,
,,,,,,,,,,,,,,,
,,,,,,,,,,,,,,,
,,,,,,,,,,,,,,,
,,,,,,,,,,,,,,,
,,,,,,,,,,,,,,,
,,,,,,,,,,,,,,,
,,,,,,,,,,,,,,,
,,,,,,,,,,,,,,,
,,,,,,,,,,,,,,,
,,,,,,,,,,,,,,,
,,,,,,,,,,,,,,,
,,,,,,,,,,,,,,,
,,,,,,,,,,,,,,,
,,,,,,,,,,,,,,,
,,,,,,,,,,,,,,,
,,,,,,,,,,,,,,,
,,,,,,,,,,,,,,,
,,,,,,,,,,,,,,,
,,,,,,,,,,,,,,,
,,,,,,,,,,,,,,,
,,,,,,,,,,,,,,,
,,,,,,,,,,,,,,,
,,,,,,,,,,,,,,,
,,,,,,,,,,,,,,,
,,,,,,,,,,,,,,,
,,,,,,,,,,,,,,,
,,,,,,,,,,,,,,,
,,,,,,,,,,,,,,,
,,,,,,,,,,,,,,,
,,,,,,,,,,,,,,,
,,,,,,,,,,,,,,,
,,,,,,,,,,,,,,,
,,,,,,,,,,,,,,,
,,,,,,,,,,,,,,,
,,,,,,,,,,,,,,,
,,,,,,,,,,,,,,,
,,,,,,,,,,,,,,,
,,,,,,,,,,,,,,,
,,,,,,,,,,,,,,,
,,,,,,,,,,,,,,,
,,,,,,,,,,,,,,,
,,,,,,,,,,,,,,,
,,,,,,,,,,,,,,,
,,,,,,,,,,,,,,,
,,,,,,,,,,,,,,,
,,,,,,,,,,,,,,,
,,,,,,,,,,,,,,,
,,,,,,,,,,,,,,,
,,,,,,,,,,,,,,,
,,,,,,,,,,,,,,,
,,,,,,,,,,,,,,,
,,,,,,,,,,,,,,,
,,,,,,,,,,,,,,,
,,,,,,,,,,,,,,,
,,,,,,,,,,,,,,,
,,,,,,,,,,,,,,,
,,,,,,,,,,,,,,,
,,,,,,,,,,,,,,,
,,,,,,,,,,,,,,,
,,,,,,,,,,,,,,,
,,,,,,,,,,,,,,,
,,,,,,,,,,,,,,,
,,,,,,,,,,,,,,,
,,,,,,,,,,,,,,,
,,,,,,,,,,,,,,,
,,,,,,,,,,,,,,,
,,,,,,,,,,,,,,,
,,,,,,,,,,,,,,,
,,,,,,,,,,,,,,,
,,,,,,,,,,,,,,,
,,,,,,,,,,,,,,,
,,,,,,,,,,,,,,,
,,,,,,,,,,,,,,,
,,,,,,,,,,,,,,,
,,,,,,,,,,,,,,,
,,,,,,,,,,,,,,,
,,,,,,,,,,,,,,,
,,,,,,,,,,,,,,,
,,,,,,,,,,,,,,,
,,,,,,,,,,,,,,,
,,,,,,,,,,,,,,,
,,,,,,,,,,,,,,,
,,,,,,,,,,,,,,,
,,,,,,,,,,,,,,,
,,,,,,,,,,,,,,,
,,,,,,,,,,,,,,,
,,,,,,,,,,,,,,,
,,,,,,,,,,,,,,,
,,,,,,,,,,,,,,,
,,,,,,,,,,,,,,,
,,,,,,,,,,,,,,,
,,,,,,,,,,,,,,,
,,,,,,,,,,,,,,,
,,,,,,,,,,,,,,,
,,,,,,,,,,,,,,,
,,,,,,,,,,,,,,,
,,,,,,,,,,,,,,,
,,,,,,,,,,,,,,,
,,,,,,,,,,,,,,,
,,,,,,,,,,,,,,,
,,,,,,,,,,,,,,,
,,,,,,,,,,,,,,,
,,,,,,,,,,,,,,,
,,,,,,,,,,,,,,,
,,,,,,,,,,,,,,,
,,,,,,,,,,,,,,,
,,,,,,,,,,,,,,,
,,,,,,,,,,,,,,,
,,,,,,,,,,,,,,,
,,,,,,,,,,,,,,,
,,,,,,,,,,,,,,,
,,,,,,,,,,,,,,,
,,,,,,,,,,,,,,,
,,,,,,,,,,,,,,,
,,,,,,,,,,,,,,,
,,,,,,,,,,,,,,,
,,,,,,,,,,,,,,,
,,,,,,,,,,,,,,,
,,,,,,,,,,,,,,,
,,,,,,,,,,,,,,,
,,,,,,,,,,,,,,,
,,,,,,,,,,,,,,,
,,,,,,,,,,,,,,,
,,,,,,,,,,,,,,,
,,,,,,,,,,,,,,,
,,,,,,,,,,,,,,,
,,,,,,,,,,,,,,,
,,,,,,,,,,,,,,,
,,,,,,,,,,,,,,,
,,,,,,,,,,,,,,,
,,,,,,,,,,,,,,,
,,,,,,,,,,,,,,,
,,,,,,,,,,,,,,,
,,,,,,,,,,,,,,,
,,,,,,,,,,,,,,,
,,,,,,,,,,,,,,,
,,,,,,,,,,,,,,,
,,,,,,,,,,,,,,,
,,,,,,,,,,,,,,,
,,,,,,,,,,,,,,,
,,,,,,,,,,,,,,,
,,,,,,,,,,,,,,,
,,,,,,,,,,,,,,,
,,,,,,,,,,,,,,,
,,,,,,,,,,,,,,,
,,,,,,,,,,,,,,,
,,,,,,,,,,,,,,,
,,,,,,,,,,,,,,,
,,,,,,,,,,,,,,,
,,,,,,,,,,,,,,,
,,,,,,,,,,,,,,,
,,,,,,,,,,,,,,,
,,,,,,,,,,,,,,,
,,,,,,,,,,,,,,,
,,,,,,,,,,,,,,,
,,,,,,,,,,,,,,,
,,,,,,,,,,,,,,,
,,,,,,,,,,,,,,,
,,,,,,,,,,,,,,,
,,,,,,,,,,,,,,,
,,,,,,,,,,,,,,,
,,,,,,,,,,,,,,,
,,,,,,,,,,,,,,,
,,,,,,,,,,,,,,,
,,,,,,,,,,,,,,,
,,,,,,,,,,,,,,,
,,,,,,,,,,,,,,,
,,,,,,,,,,,,,,,
,,,,,,,,,,,,,,,
,,,,,,,,,,,,,,,
,,,,,,,,,,,,,,,
,,,,,,,,,,,,,,,
,,,,,,,,,,,,,,,
,,,,,,,,,,,,,,,
,,,,,,,,,,,,,,,
,,,,,,,,,,,,,,,
,,,,,,,,,,,,,,,
,,,,,,,,,,,,,,,
,,,,,,,,,,,,,,,
,,,,,,,,,,,,,,,
,,,,,,,,,,,,,,,
,,,,,,,,,,,,,,,
,,,,,,,,,,,,,,,
,,,,,,,,,,,,,,,
,,,,,,,,,,,,,,,
,,,,,,,,,,,,,,,
,,,,,,,,,,,,,,,
,,,,,,,,,,,,,,,
,,,,,,,,,,,,,,,
,,,,,,,,,,,,,,,
,,,,,,,,,,,,,,,
,,,,,,,,,,,,,,,
,,,,,,,,,,,,,,,
,,,,,,,,,,,,,,,
,,,,,,,,,,,,,,,
,,,,,,,,,,,,,,,
,,,,,,,,,,,,,,,
,,,,,,,,,,,,,,,
,,,,,,,,,,,,,,,
,,,,,,,,,,,,,,,
,,,,,,,,,,,,,,,
,,,,,,,,,,,,,,,
,,,,,,,,,,,,,,,
,,,,,,,,,,,,,,,
,,,,,,,,,,,,,,,
,,,,,,,,,,,,,,,
,,,,,,,,,,,,,,,
,,,,,,,,,,,,,,,
,,,,,,,,,,,,,,,
,,,,,,,,,,,,,,,
,,,,,,,,,,,,,,,
,,,,,,,,,,,,,,,
,,,,,,,,,,,,,,,
,,,,,,,,,,,,,,,
,,,,,,,,,,,,,,,
,,,,,,,,,,,,,,,
,,,,,,,,,,,,,,,
,,,,,,,,,,,,,,,
,,,,,,,,,,,,,,,
,,,,,,,,,,,,,,,
,,,,,,,,,,,,,,,
,,,,,,,,,,,,,,,
,,,,,,,,,,,,,,,
,,,,,,,,,,,,,,,
,,,,,,,,,,,,,,,
,,,,,,,,,,,,,,,
,,,,,,,,,,,,,,,
,,,,,,,,,,,,,,,
,,,,,,,,,,,,,,,
,,,,,,,,,,,,,,,
,,,,,,,,,,,,,,,
,,,,,,,,,,,,,,,
,,,,,,,,,,,,,,,
,,,,,,,,,,,,,,,
,,,,,,,,,,,,,,,
,,,,,,,,,,,,,,,
,,,,,,,,,,,,,,,
,,,,,,,,,,,,,,,
,,,,,,,,,,,,,,,
,,,,,,,,,,,,,,,
,,,,,,,,,,,,,,,
,,,,,,,,,,,,,,,
,,,,,,,,,,,,,,,
,,,,,,,,,,,,,,,
,,,,,,,,,,,,,,,
,,,,,,,,,,,,,,,
,,,,,,,,,,,,,,,
,,,,,,,,,,,,,,,
,,,,,,,,,,,,,,,
,,,,,,,,,,,,,,,
,,,,,,,,,,,,,,,
,,,,,,,,,,,,,,,
,,,,,,,,,,,,,,,
,,,,,,,,,,,,,,,
,,,,,,,,,,,,,,,
,,,,,,,,,,,,,,,
,,,,,,,,,,,,,,,
,,,,,,,,,,,,,,,
,,,,,,,,,,,,,,,
,,,,,,,,,,,,,,,
,,,,,,,,,,,,,,,
,,,,,,,,,,,,,,,
,,,,,,,,,,,,,,,
,,,,,,,,,,,,,,,
,,,,,,,,,,,,,,,
,,,,,,,,,,,,,,,
,,,,,,,,,,,,,,,
,,,,,,,,,,,,,,,
,,,,,,,,,,,,,,,
,,,,,,,,,,,,,,,
,,,,,,,,,,,,,,,
,,,,,,,,,,,,,,,
,,,,,,,,,,,,,,,
,,,,,,,,,,,,,,,
,,,,,,,,,,,,,,,
,,,,,,,,,,,,,,,
,,,,,,,,,,,,,,,
,,,,,,,,,,,,,,,
,,,,,,,,,,,,,,,
,,,,,,,,,,,,,,,
,,,,,,,,,,,,,,,
,,,,,,,,,,,,,,,
,,,,,,,,,,,,,,,
,,,,,,,,,,,,,,,
,,,,,,,,,,,,,,,
,,,,,,,,,,,,,,,
,,,,,,,,,,,,,,,
,,,,,,,,,,,,,,,
,,,,,,,,,,,,,,,
,,,,,,,,,,,,,,,
,,,,,,,,,,,,,,,
,,,,,,,,,,,,,,,
,,,,,,,,,,,,,,,
,,,,,,,,,,,,,,,
,,,,,,,,,,,,,,,
,,,,,,,,,,,,,,,
,,,,,,,,,,,,,,,
,,,,,,,,,,,,,,,
,,,,,,,,,,,,,,,
,,,,,,,,,,,,,,,
,,,,,,,,,,,,,,,
,,,,,,,,,,,,,,,
,,,,,,,,,,,,,,,
,,,,,,,,,,,,,,,
,,,,,,,,,,,,,,,
,,,,,,,,,,,,,,,
,,,,,,,,,,,,,,,
,,,,,,,,,,,,,,,
,,,,,,,,,,,,,,,
,,,,,,,,,,,,,,,
,,,,,,,,,,,,,,,
,,,,,,,,,,,,,,,
,,,,,,,,,,,,,,,
,,,,,,,,,,,,,,,
,,,,,,,,,,,,,,,
,,,,,,,,,,,,,,,
,,,,,,,,,,,,,,,
,,,,,,,,,,,,,,,
,,,,,,,,,,,,,,,
,,,,,,,,,,,,,,,
,,,,,,,,,,,,,,,
,,,,,,,,,,,,,,,
,,,,,,,,,,,,,,,
,,,,,,,,,,,,,,,
,,,,,,,,,,,,,,,
,,,,,,,,,,,,,,,
,,,,,,,,,,,,,,,
,,,,,,,,,,,,,,,
,,,,,,,,,,,,,,,
,,,,,,,,,,,,,,,
,,,,,,,,,,,,,,,
,,,,,,,,,,,,,,,
,,,,,,,,,,,,,,,
,,,,,,,,,,,,,,,
,,,,,,,,,,,,,,,
,,,,,,,,,,,,,,,
,,,,,,,,,,,,,,,
,,,,,,,,,,,,,,,
,,,,,,,,,,,,,,,
,,,,,,,,,,,,,,,
,,,,,,,,,,,,,,,
,,,,,,,,,,,,,,,
,,,,,,,,,,,,,,,
,,,,,,,,,,,,,,,
,,,,,,,,,,,,,,,
,,,,,,,,,,,,,,,
,,,,,,,,,,,,,,,
,,,,,,,,,,,,,,,
,,,,,,,,,,,,,,,
,,,,,,,,,,,,,,,
,,,,,,,,,,,,,,,
,,,,,,,,,,,,,,,
,,,,,,,,,,,,,,,
,,,,,,,,,,,,,,,
,,,,,,,,,,,,,,,
,,,,,,,,,,,,,,,
,,,,,,,,,,,,,,,
,,,,,,,,,,,,,,,
,,,,,,,,,,,,,,,
,,,,,,,,,,,,,,,
,,,,,,,,,,,,,,,
,,,,,,,,,,,,,,,
,,,,,,,,,,,,,,,
,,,,,,,,,,,,,,,
,,,,,,,,,,,,,,,
,,,,,,,,,,,,,,,
,,,,,,,,,,,,,,,
,,,,,,,,,,,,,,,
,,,,,,,,,,,,,,,
,,,,,,,,,,,,,,,
,,,,,,,,,,,,,,,
,,,,,,,,,,,,,,,
,,,,,,,,,,,,,,,
,,,,,,,,,,,,,,,
,,,,,,,,,,,,,,,
,,,,,,,,,,,,,,,
,,,,,,,,,,,,,,,
,,,,,,,,,,,,,,,
,,,,,,,,,,,,,,,
,,,,,,,,,,,,,,,
,,,,,,,,,,,,,,,
,,,,,,,,,,,,,,,
,,,,,,,,,,,,,,,
,,,,,,,,,,,,,,,
,,,,,,,,,,,,,,,
,,,,,,,,,,,,,,,
,,,,,,,,,,,,,,,
,,,,,,,,,,,,,,,
,,,,,,,,,,,,,,,
,,,,,,,,,,,,,,,
,,,,,,,,,,,,,,,
,,,,,,,,,,,,,,,
,,,,,,,,,,,,,,,
,,,,,,,,,,,,,,,
,,,,,,,,,,,,,,,
,,,,,,,,,,,,,,,
,,,,,,,,,,,,,,,
,,,,,,,,,,,,,,,
,,,,,,,,,,,,,,,
,,,,,,,,,,,,,,,
,,,,,,,,,,,,,,,
,,,,,,,,,,,,,,,
,,,,,,,,,,,,,,,
,,,,,,,,,,,,,,,
,,,,,,,,,,,,,,,
,,,,,,,,,,,,,,,
,,,,,,,,,,,,,,,
,,,,,,,,,,,,,,,
,,,,,,,,,,,,,,,
,,,,,,,,,,,,,,,
,,,,,,,,,,,,,,,
,,,,,,,,,,,,,,,
,,,,,,,,,,,,,,,
,,,,,,,,,,,,,,,
,,,,,,,,,,,,,,,
,,,,,,,,,,,,,,,
,,,,,,,,,,,,,,,
,,,,,,,,,,,,,,,
,,,,,,,,,,,,,,,
,,,,,,,,,,,,,,,
,,,,,,,,,,,,,,,
,,,,,,,,,,,,,,,
,,,,,,,,,,,,,,,
,,,,,,,,,,,,,,,
,,,,,,,,,,,,,,,
,,,,,,,,,,,,,,,
,,,,,,,,,,,,,,,
,,,,,,,,,,,,,,,
,,,,,,,,,,,,,,,
,,,,,,,,,,,,,,,
,,,,,,,,,,,,,,,
,,,,,,,,,,,,,,,
,,,,,,,,,,,,,,,
,,,,,,,,,,,,,,,
,,,,,,,,,,,,,,,
,,,,,,,,,,,,,,,
,,,,,,,,,,,,,,,
,,,,,,,,,,,,,,,
,,,,,,,,,,,,,,,
,,,,,,,,,,,,,,,
,,,,,,,,,,,,,,,
,,,,,,,,,,,,,,,
,,,,,,,,,,,,,,,
,,,,,,,,,,,,,,,
,,,,,,,,,,,,,,,
,,,,,,,,,,,,,,,
,,,,,,,,,,,,,,,
,,,,,,,,,,,,,,,
,,,,,,,,,,,,,,,
,,,,,,,,,,,,,,,
,,,,,,,,,,,,,,,
,,,,,,,,,,,,,,,
,,,,,,,,,,,,,,,
,,,,,,,,,,,,,,,
,,,,,,,,,,,,,,,
,,,,,,,,,,,,,,,
,,,,,,,,,,,,,,,
,,,,,,,,,,,,,,,
,,,,,,,,,,,,,,,
,,,,,,,,,,,,,,,
,,,,,,,,,,,,,,,
,,,,,,,,,,,,,,,
,,,,,,,,,,,,,,,
,,,,,,,,,,,,,,,
,,,,,,,,,,,,,,,
,,,,,,,,,,,,,,,
,,,,,,,,,,,,,,,
,,,,,,,,,,,,,,,
,,,,,,,,,,,,,,,
,,,,,,,,,,,,,,,
,,,,,,,,,,,,,,,
,,,,,,,,,,,,,,,
,,,,,,,,,,,,,,,
,,,,,,,,,,,,,,,
,,,,,,,,,,,,,,,
,,,,,,,,,,,,,,,
,,,,,,,,,,,,,,,
,,,,,,,,,,,,,,,
,,,,,,,,,,,,,,,
,,,,,,,,,,,,,,,
,,,,,,,,,,,,,,,
,,,,,,,,,,,,,,,
,,,,,,,,,,,,,,,
,,,,,,,,,,,,,,,
,,,,,,,,,,,,,,,
,,,,,,,,,,,,,,,
,,,,,,,,,,,,,,,
,,,,,,,,,,,,,,,
,,,,,,,,,,,,,,,
,,,,,,,,,,,,,,,
,,,,,,,,,,,,,,,
,,,,,,,,,,,,,,,
,,,,,,,,,,,,,,,
,,,,,,,,,,,,,,,
,,,,,,,,,,,,,,,
,,,,,,,,,,,,,,,
,,,,,,,,,,,,,,,
,,,,,,,,,,,,,,,
,,,,,,,,,,,,,,,
,,,,,,,,,,,,,,,
,,,,,,,,,,,,,,,
,,,,,,,,,,,,,,,
,,,,,,,,,,,,,,,
,,,,,,,,,,,,,,,
,,,,,,,,,,,,,,,
,,,,,,,,,,,,,,,
,,,,,,,,,,,,,,,
,,,,,,,,,,,,,,,
,,,,,,,,,,,,,,,
,,,,,,,,,,,,,,,
,,,,,,,,,,,,,,,
,,,,,,,,,,,,,,,
,,,,,,,,,,,,,,,
,,,,,,,,,,,,,,,
,,,,,,,,,,,,,,,
,,,,,,,,,,,,,,,
,,,,,,,,,,,,,,,
,,,,,,,,,,,,,,,
,,,,,,,,,,,,,,,
,,,,,,,,,,,,,,,
,,,,,,,,,,,,,,,
,,,,,,,,,,,,,,,
,,,,,,,,,,,,,,,
,,,,,,,,,,,,,,,
,,,,,,,,,,,,,,,
,,,,,,,,,,,,,,,
,,,,,,,,,,,,,,,
,,,,,,,,,,,,,,,
,,,,,,,,,,,,,,,
,,,,,,,,,,,,,,,
,,,,,,,,,,,,,,,
,,,,,,,,,,,,,,,
,,,,,,,,,,,,,,,
,,,,,,,,,,,,,,,
,,,,,,,,,,,,,,,
,,,,,,,,,,,,,,,
,,,,,,,,,,,,,,,
,,,,,,,,,,,,,,,
,,,,,,,,,,,,,,,
,,,,,,,,,,,,,,,
,,,,,,,,,,,,,,,
,,,,,,,,,,,,,,,
,,,,,,,,,,,,,,,
,,,,,,,,,,,,,,,
,,,,,,,,,,,,,,,
,,,,,,,,,,,,,,,
,,,,,,,,,,,,,,,
,,,,,,,,,,,,,,,
,,,,,,,,,,,,,,,
,,,,,,,,,,,,,,,
,,,,,,,,,,,,,,,
,,,,,,,,,,,,,,,
,,,,,,,,,,,,,,,
,,,,,,,,,,,,,,,
,,,,,,,,,,,,,,,
,,,,,,,,,,,,,,,
,,,,,,,,,,,,,,,
,,,,,,,,,,,,,,,
,,,,,,,,,,,,,,,
,,,,,,,,,,,,,,,
,,,,,,,,,,,,,,,
,,,,,,,,,,,,,,,
,,,,,,,,,,,,,,,
,,,,,,,,,,,,,,,
,,,,,,,,,,,,,,,
,,,,,,,,,,,,,,,
,,,,,,,,,,,,,,,
,,,,,,,,,,,,,,,
,,,,,,,,,,,,,,,
,,,,,,,,,,,,,,,
,,,,,,,,,,,,,,,
,,,,,,,,,,,,,,,
,,,,,,,,,,,,,,,
,,,,,,,,,,,,,,,
,,,,,,,,,,,,,,,
,,,,,,,,,,,,,,,
,,,,,,,,,,,,,,,
,,,,,,,,,,,,,,,
,,,,,,,,,,,,,,,
,,,,,,,,,,,,,,,
,,,,,,,,,,,,,,,
,,,,,,,,,,,,,,,
,,,,,,,,,,,,,,,
,,,,,,,,,,,,,,,
,,,,,,,,,,,,,,,
,,,,,,,,,,,,,,,
,,,,,,,,,,,,,,,
,,,,,,,,,,,,,,,
,,,,,,,,,,,,,,,
,,,,,,,,,,,,,,,
,,,,,,,,,,,,,,,
,,,,,,,,,,,,,,,
,,,,,,,,,,,,,,,
,,,,,,,,,,,,,,,
,,,,,,,,,,,,,,,
,,,,,,,,,,,,,,,
,,,,,,,,,,,,,,,
,,,,,,,,,,,,,,,
,,,,,,,,,,,,,,,
,,,,,,,,,,,,,,,
,,,,,,,,,,,,,,,
,,,,,,,,,,,,,,,
,,,,,,,,,,,,,,,
,,,,,,,,,,,,,,,
,,,,,,,,,,,,,,,
,,,,,,,,,,,,,,,
,,,,,,,,,,,,,,,
,,,,,,,,,,,,,,,
,,,,,,,,,,,,,,,
,,,,,,,,,,,,,,,
,,,,,,,,,,,,,,,
,,,,,,,,,,,,,,,
,,,,,,,,,,,,,,,
,,,,,,,,,,,,,,,
,,,,,,,,,,,,,,,
,,,,,,,,,,,,,,,
,,,,,,,,,,,,,,,
,,,,,,,,,,,,,,,
,,,,,,,,,,,,,,,
,,,,,,,,,,,,,,,
,,,,,,,,,,,,,,,
,,,,,,,,,,,,,,,
,,,,,,,,,,,,,,,
,,,,,,,,,,,,,,,
,,,,,,,,,,,,,,,
,,,,,,,,,,,,,,,
,,,,,,,,,,,,,,,
,,,,,,,,,,,,,,,
,,,,,,,,,,,,,,,
,,,,,,,,,,,,,,,
,,,,,,,,,,,,,,,
,,,,,,,,,,,,,,,
,,,,,,,,,,,,,,,
,,,,,,,,,,,,,,,
,,,,,,,,,,,,,,,
,,,,,,,,,,,,,,,
,,,,,,,,,,,,,,,
,,,,,,,,,,,,,,,
,,,,,,,,,,,,,,,
,,,,,,,,,,,,,,,
,,,,,,,,,,,,,,,
,,,,,,,,,,,,,,,
,,,,,,,,,,,,,,,
,,,,,,,,,,,,,,,
,,,,,,,,,,,,,,,
,,,,,,,,,,,,,,,
,,,,,,,,,,,,,,,
,,,,,,,,,,,,,,,
,,,,,,,,,,,,,,,
,,,,,,,,,,,,,,,
,,,,,,,,,,,,,,,
,,,,,,,,,,,,,,,
,,,,,,,,,,,,,,,
,,,,,,,,,,,,,,,
,,,,,,,,,,,,,,,
,,,,,,,,,,,,,,,
,,,,,,,,,,,,,,,
,,,,,,,,,,,,,,,
,,,,,,,,,,,,,,,
,,,,,,,,,,,,,,,
,,,,,,,,,,,,,,,
,,,,,,,,,,,,,,,
,,,,,,,,,,,,,,,
,,,,,,,,,,,,,,,
,,,,,,,,,,,,,,,
,,,,,,,,,,,,,,,
,,,,,,,,,,,,,,,
,,,,,,,,,,,,,,,
,,,,,,,,,,,,,,,
,,,,,,,,,,,,,,,
,,,,,,,,,,,,,,,
,,,,,,,,,,,,,,,
,,,,,,,,,,,,,,,
,,,,,,,,,,,,,,,
,,,,,,,,,,,,,,,
,,,,,,,,,,,,,,,
,,,,,,,,,,,,,,,
,,,,,,,,,,,,,,,
,,,,,,,,,,,,,,,
,,,,,,,,,,,,,,,
,,,,,,,,,,,,,,,
,,,,,,,,,,,,,,,
,,,,,,,,,,,,,,,
,,,,,,,,,,,,,,,
,,,,,,,,,,,,,,,
,,,,,,,,,,,,,,,
,,,,,,,,,,,,,,,
,,,,,,,,,,,,,,,
,,,,,,,,,,,,,,,
,,,,,,,,,,,,,,,
,,,,,,,,,,,,,,,
,,,,,,,,,,,,,,,
,,,,,,,,,,,,,,,
,,,,,,,,,,,,,,,
,,,,,,,,,,,,,,,
,,,,,,,,,,,,,,,
,,,,,,,,,,,,,,,
,,,,,,,,,,,,,,,
,,,,,,,,,,,,,,,
,,,,,,,,,,,,,,,
,,,,,,,,,,,,,,,
,,,,,,,,,,,,,,,
,,,,,,,,,,,,,,,
,,,,,,,,,,,,,,,
,,,,,,,,,,,,,,,
,,,,,,,,,,,,,,,
,,,,,,,,,,,,,,,
,,,,,,,,,,,,,,,
,,,,,,,,,,,,,,,
,,,,,,,,,,,,,,,
,,,,,,,,,,,,,,,
,,,,,,,,,,,,,,,
,,,,,,,,,,,,,,,
,,,,,,,,,,,,,,,
,,,,,,,,,,,,,,,
,,,,,,,,,,,,,,,
,,,,,,,,,,,,,,,
,,,,,,,,,,,,,,,
,,,,,,,,,,,,,,,
,,,,,,,,,,,,,,,
,,,,,,,,,,,,,,,
,,,,,,,,,,,,,,,
,,,,,,,,,,,,,,,
,,,,,,,,,,,,,,,
,,,,,,,,,,,,,,,
,,,,,,,,,,,,,,,
,,,,,,,,,,,,,,,
,,,,,,,,,,,,,,,
,,,,,,,,,,,,,,,
,,,,,,,,,,,,,,,
,,,,,,,,,,,,,,,
,,,,,,,,,,,,,,,
,,,,,,,,,,,,,,,
,,,,,,,,,,,,,,,
,,,,,,,,,,,,,,,
,,,,,,,,,,,,,,,
,,,,,,,,,,,,,,,
,,,,,,,,,,,,,,,
,,,,,,,,,,,,,,,
,,,,,,,,,,,,,,,
,,,,,,,,,,,,,,,
,,,,,,,,,,,,,,,
,,,,,,,,,,,,,,,
,,,,,,,,,,,,,,,
,,,,,,,,,,,,,,,
,,,,,,,,,,,,,,,
,,,,,,,,,,,,,,,
,,,,,,,,,,,,,,,
,,,,,,,,,,,,,,,
,,,,,,,,,,,,,,,
,,,,,,,,,,,,,,,
,,,,,,,,,,,,,,,
,,,,,,,,,,,,,,,
,,,,,,,,,,,,,,,
,,,,,,,,,,,,,,,
,,,,,,,,,,,,,,,
,,,,,,,,,,,,,,,
,,,,,,,,,,,,,,,
,,,,,,,,,,,,,,,
,,,,,,,,,,,,,,,
,,,,,,,,,,,,,,,
,,,,,,,,,,,,,,,
,,,,,,,,,,,,,,,
,,,,,,,,,,,,,,,
,,,,,,,,,,,,,,,
,,,,,,,,,,,,,,,
,,,,,,,,,,,,,,,
,,,,,,,,,,,,,,,
,,,,,,,,,,,,,,,
,,,,,,,,,,,,,,,
,,,,,,,,,,,,,,,
,,,,,,,,,,,,,,,
,,,,,,,,,,,,,,,
,,,,,,,,,,,,,,,
,,,,,,,,,,,,,,,
,,,,,,,,,,,,,,,
,,,,,,,,,,,,,,,
,,,,,,,,,,,,,,,
,,,,,,,,,,,,,,,
,,,,,,,,,,,,,,,
,,,,,,,,,,,,,,,
,,,,,,,,,,,,,,,
,,,,,,,,,,,,,,,
,,,,,,,,,,,,,,,
,,,,,,,,,,,,,,,
,,,,,,,,,,,,,,,
,,,,,,,,,,,,,,,
,,,,,,,,,,,,,,,
,,,,,,,,,,,,,,,
,,,,,,,,,,,,,,,
,,,,,,,,,,,,,,,
,,,,,,,,,,,,,,,
,,,,,,,,,,,,,,,
,,,,,,,,,,,,,,,
,,,,,,,,,,,,,,,
,,,,,,,,,,,,,,,
,,,,,,,,,,,,,,,
,,,,,,,,,,,,,,,
,,,,,,,,,,,,,,,
,,,,,,,,,,,,,,,
,,,,,,,,,,,,,,,
,,,,,,,,,,,,,,,
,,,,,,,,,,,,,,,
,,,,,,,,,,,,,,,
,,,,,,,,,,,,,,,
,,,,,,,,,,,,,,,
,,,,,,,,,,,,,,,
,,,,,,,,,,,,,,,
,,,,,,,,,,,,,,,
,,,,,,,,,,,,,,,
,,,,,,,,,,,,,,,
,,,,,,,,,,,,,,,
,,,,,,,,,,,,,,,
,,,,,,,,,,,,,,,
,,,,,,,,,,,,,,,
,,,,,,,,,,,,,,,
,,,,,,,,,,,,,,,
,,,,,,,,,,,,,,,
,,,,,,,,,,,,,,,
,,,,,,,,,,,,,,,
,,,,,,,,,,,,,,,
,,,,,,,,,,,,,,,
,,,,,,,,,,,,,,,
,,,,,,,,,,,,,,,
,,,,,,,,,,,,,,,
,,,,,,,,,,,,,,,
,,,,,,,,,,,,,,,
,,,,,,,,,,,,,,,
,,,,,,,,,,,,,,,
,,,,,,,,,,,,,,,
,,,,,,,,,,,,,,,
,,,,,,,,,,,,,,,
,,,,,,,,,,,,,,,
,,,,,,,,,,,,,,,
,,,,,,,,,,,,,,,
,,,,,,,,,,,,,,,
,,,,,,,,,,,,,,,
,,,,,,,,,,,,,,,
,,,,,,,,,,,,,,,
,,,,,,,,,,,,,,,
,,,,,,,,,,,,,,,
,,,,,,,,,,,,,,,
,,,,,,,,,,,,,,,
,,,,,,,,,,,,,,,
,,,,,,,,,,,,,,,
,,,,,,,,,,,,,,,
,,,,,,,,,,,,,,,
,,,,,,,,,,,,,,,
,,,,,,,,,,,,,,,
,,,,,,,,,,,,,,,
,,,,,,,,,,,,,,,
,,,,,,,,,,,,,,,
,,,,,,,,,,,,,,,
,,,,,,,,,,,,,,,
,,,,,,,,,,,,,,,
,,,,,,,,,,,,,,,
,,,,,,,,,,,,,,,
,,,,,,,,,,,,,,,
,,,,,,,,,,,,,,,
,,,,,,,,,,,,,,,
,,,,,,,,,,,,,,,
,,,,,,,,,,,,,,,
,,,,,,,,,,,,,,,
,,,,,,,,,,,,,,,
,,,,,,,,,,,,,,,
,,,,,,,,,,,,,,,
,,,,,,,,,,,,,,,
,,,,,,,,,,,,,,,
,,,,,,,,,,,,,,,
,,,,,,,,,,,,,,,
,,,,,,,,,,,,,,,
,,,,,,,,,,,,,,,
,,,,,,,,,,,,,,,
,,,,,,,,,,,,,,,
,,,,,,,,,,,,,,,
,,,,,,,,,,,,,,,
,,,,,,,,,,,,,,,
,,,,,,,,,,,,,,,
,,,,,,,,,,,,,,,
,,,,,,,,,,,,,,,
,,,,,,,,,,,,,,,
,,,,,,,,,,,,,,,
,,,,,,,,,,,,,,,
,,,,,,,,,,,,,,,
,,,,,,,,,,,,,,,
,,,,,,,,,,,,,,,
,,,,,,,,,,,,,,,
,,,,,,,,,,,,,,,
,,,,,,,,,,,,,,,
,,,,,,,,,,,,,,,
,,,,,,,,,,,,,,,
,,,,,,,,,,,,,,,
,,,,,,,,,,,,,,,
,,,,,,,,,,,,,,,
,,,,,,,,,,,,,,,
,,,,,,,,,,,,,,,
,,,,,,,,,,,,,,,
,,,,,,,,,,,,,,,
,,,,,,,,,,,,,,,
,,,,,,,,,,,,,,,
,,,,,,,,,,,,,,,
,,,,,,,,,,,,,,,
,,,,,,,,,,,,,,,
,,,,,,,,,,,,,,,
,,,,,,,,,,,,,,,
,,,,,,,,,,,,,,,
,,,,,,,,,,,,,,,
,,,,,,,,,,,,,,,
,,,,,,,,,,,,,,,
,,,,,,,,,,,,,,,
,,,,,,,,,,,,,,,
,,,,,,,,,,,,,,,
,,,,,,,,,,,,,,,
,,,,,,,,,,,,,,,
,,,,,,,,,,,,,,,
,,,,,,,,,,,,,,,
,,,,,,,,,,,,,,,
,,,,,,,,,,,,,,,
,,,,,,,,,,,,,,,
,,,,,,,,,,,,,,,
,,,,,,,,,,,,,,,
,,,,,,,,,,,,,,,
,,,,,,,,,,,,,,,
,,,,,,,,,,,,,,,
,,,,,,,,,,,,,,,
,,,,,,,,,,,,,,,
,,,,,,,,,,,,,,,
,,,,,,,,,,,,,,,
,,,,,,,,,,,,,,,
,,,,,,,,,,,,,,,
,,,,,,,,,,,,,,,
,,,,,,,,,,,,,,,
,,,,,,,,,,,,,,,
,,,,,,,,,,,,,,,
,,,,,,,,,,,,,,,
,,,,,,,,,,,,,,,
,,,,,,,,,,,,,,,
,,,,,,,,,,,,,,,
,,,,,,,,,,,,,,,
,,,,,,,,,,,,,,,
,,,,,,,,,,,,,,,
,,,,,,,,,,,,,,,
,,,,,,,,,,,,,,,
,,,,,,,,,,,,,,,
,,,,,,,,,,,,,,,
,,,,,,,,,,,,,,,
,,,,,,,,,,,,,,,
,,,,,,,,,,,,,,,
,,,,,,,,,,,,,,,
,,,,,,,,,,,,,,,
,,,,,,,,,,,,,,,
,,,,,,,,,,,,,,,
,,,,,,,,,,,,,,,
,,,,,,,,,,,,,,,
,,,,,,,,,,,,,,,
,,,,,,,,,,,,,,,
,,,,,,,,,,,,,,,
,,,,,,,,,,,,,,,
,,,,,,,,,,,,,,,
,,,,,,,,,,,,,,,
,,,,,,,,,,,,,,,
,,,,,,,,,,,,,,,
,,,,,,,,,,,,,,,
,,,,,,,,,,,,,,,
,,,,,,,,,,,,,,,
,,,,,,,,,,,,,,,
,,,,,,,,,,,,,,,
,,,,,,,,,,,,,,,
,,,,,,,,,,,,,,,
,,,,,,,,,,,,,,,
,,,,,,,,,,,,,,,
,,,,,,,,,,,,,,,
,,,,,,,,,,,,,,,
,,,,,,,,,,,,,,,
,,,,,,,,,,,,,,,
,,,,,,,,,,,,,,,
,,,,,,,,,,,,,,,
,,,,,,,,,,,,,,,
,,,,,,,,,,,,,,,
,,,,,,,,,,,,,,,
,,,,,,,,,,,,,,,
,,,,,,,,,,,,,,,
,,,,,,,,,,,,,,,
,,,,,,,,,,,,,,,
,,,,,,,,,,,,,,,
,,,,,,,,,,,,,,,
,,,,,,,,,,,,,,,
,,,,,,,,,,,,,,,
,,,,,,,,,,,,,,,
,,,,,,,,,,,,,,,
,,,,,,,,,,,,,,,
,,,,,,,,,,,,,,,
,,,,,,,,,,,,,,,
,,,,,,,,,,,,,,,
,,,,,,,,,,,,,,,
,,,,,,,,,,,,,,,
,,,,,,,,,,,,,,,
,,,,,,,,,,,,,,,
,,,,,,,,,,,,,,,
,,,,,,,,,,,,,,,
,,,,,,,,,,,,,,,
,,,,,,,,,,,,,,,
,,,,,,,,,,,,,,,
,,,,,,,,,,,,,,,
,,,,,,,,,,,,,,,
,,,,,,,,,,,,,,,
,,,,,,,,,,,,,,,
,,,,,,,,,,,,,,,
,,,,,,,,,,,,,,,
,,,,,,,,,,,,,,,
,,,,,,,,,,,,,,,
,,,,,,,,,,,,,,,
,,,,,,,,,,,,,,,
,,,,,,,,,,,,,,,
,,,,,,,,,,,,,,,
,,,,,,,,,,,,,,,
,,,,,,,,,,,,,,,
,,,,,,,,,,,,,,,
,,,,,,,,,,,,,,,
,,,,,,,,,,,,,,,
,,,,,,,,,,,,,,,
,,,,,,,,,,,,,,,
,,,,,,,,,,,,,,,
,,,,,,,,,,,,,,,
,,,,,,,,,,,,,,,
,,,,,,,,,,,,,,,
,,,,,,,,,,,,,,,
,,,,,,,,,,,,,,,
,,,,,,,,,,,,,,,
,,,,,,,,,,,,,,,
,,,,,,,,,,,,,,,
,,,,,,,,,,,,,,,
,,,,,,,,,,,,,,,
,,,,,,,,,,,,,,,
,,,,,,,,,,,,,,,
,,,,,,,,,,,,,,,
,,,,,,,,,,,,,,,
,,,,,,,,,,,,,,,
,,,,,,,,,,,,,,,
,,,,,,,,,,,,,,,
,,,,,,,,,,,,,,,
,,,,,,,,,,,,,,,
,,,,,,,,,,,,,,,
,,,,,,,,,,,,,,,
,,,,,,,,,,,,,,,
,,,,,,,,,,,,,,,
,,,,,,,,,,,,,,,
,,,,,,,,,,,,,,,
,,,,,,,,,,,,,,,
,,,,,,,,,,,,,,,
,,,,,,,,,,,,,,,
,,,,,,,,,,,,,,,
,,,,,,,,,,,,,,,
,,,,,,,,,,,,,,,
,,,,,,,,,,,,,,,
,,,,,,,,,,,,,,,
,,,,,,,,,,,,,,,
,,,,,,,,,,,,,,,
,,,,,,,,,,,,,,,
,,,,,,,,,,,,,,,
,,,,,,,,,,,,,,,
,,,,,,,,,,,,,,,
,,,,,,,,,,,,,,,
,,,,,,,,,,,,,,,
,,,,,,,,,,,,,,,
,,,,,,,,,,,,,,,
,,,,,,,,,,,,,,,
,,,,,,,,,,,,,,,
,,,,,,,,,,,,,,,
,,,,,,,,,,,,,,,
,,,,,,,,,,,,,,,
,,,,,,,,,,,,,,,
,,,,,,,,,,,,,,,
,,,,,,,,,,,,,,,
,,,,,,,,,,,,,,,
,,,,,,,,,,,,,,,
,,,,,,,,,,,,,,,
,,,,,,,,,,,,,,,
,,,,,,,,,,,,,,,
,,,,,,,,,,,,,,,
,,,,,,,,,,,,,,,
,,,,,,,,,,,,,,,
,,,,,,,,,,,,,,,
,,,,,,,,,,,,,,,
,,,,,,,,,,,,,,,
,,,,,,,,,,,,,,,
,,,,,,,,,,,,,,,
,,,,,,,,,,,,,,,
,,,,,,,,,,,,,,,
,,,,,,,,,,,,,,,
,,,,,,,,,,,,,,,
,,,,,,,,,,,,,,,
,,,,,,,,,,,,,,,
,,,,,,,,,,,,,,,
,,,,,,,,,,,,,,,
,,,,,,,,,,,,,,,
,,,,,,,,,,,,,,,
,,,,,,,,,,,,,,,
,,,,,,,,,,,,,,,
,,,,,,,,,,,,,,,
,,,,,,,,,,,,,,,
,,,,,,,,,,,,,,,
,,,,,,,,,,,,,,,
,,,,,,,,,,,,,,,
,,,,,,,,,,,,,,,
,,,,,,,,,,,,,,,
,,,,,,,,,,,,,,,
,,,,,,,,,,,,,,,
,,,,,,,,,,,,,,,
,,,,,,,,,,,,,,,
,,,,,,,,,,,,,,,
,,,,,,,,,,,,,,,
,,,,,,,,,,,,,,,
,,,,,,,,,,,,,,,
,,,,,,,,,,,,,,,
,,,,,,,,,,,,,,,
,,,,,,,,,,,,,,,
,,,,,,,,,,,,,,,
,,,,,,,,,,,,,,,
,,,,,,,,,,,,,,,
,,,,,,,,,,,,,,,
,,,,,,,,,,,,,,,
,,,,,,,,,,,,,,,
,,,,,,,,,,,,,,,
,,,,,,,,,,,,,,,
,,,,,,,,,,,,,,,
,,,,,,,,,,,,,,,
,,,,,,,,,,,,,,,
,,,,,,,,,,,,,,,
,,,,,,,,,,,,,,,
,,,,,,,,,,,,,,,
,,,,,,,,,,,,,,,
,,,,,,,,,,,,,,,
,,,,,,,,,,,,,,,
,,,,,,,,,,,,,,,
,,,,,,,,,,,,,,,
,,,,,,,,,,,,,,,
,,,,,,,,,,,,,,,
,,,,,,,,,,,,,,,
,,,,,,,,,,,,,,,
,,,,,,,,,,,,,,,
,,,,,,,,,,,,,,,
,,,,,,,,,,,,,,,
,,,,,,,,,,,,,,,
,,,,,,,,,,,,,,,
,,,,,,,,,,,,,,,
,,,,,,,,,,,,,,,
,,,,,,,,,,,,,,,
,,,,,,,,,,,,,,,
,,,,,,,,,,,,,,,
,,,,,,,,,,,,,,,
,,,,,,,,,,,,,,,
,,,,,,,,,,,,,,,
,,,,,,,,,,,,,,,
,,,,,,,,,,,,,,,
,,,,,,,,,,,,,,,
,,,,,,,,,,,,,,,
,,,,,,,,,,,,,,,
,,,,,,,,,,,,,,,
,,,,,,,,,,,,,,,
,,,,,,,,,,,,,,,
,,,,,,,,,,,,,,,
,,,,,,,,,,,,,,,
,,,,,,,,,,,,,,,
,,,,,,,,,,,,,,,
,,,,,,,,,,,,,,,
,,,,,,,,,,,,,,,
,,,,,,,,,,,,,,,
,,,,,,,,,,,,,,,
,,,,,,,,,,,,,,,
,,,,,,,,,,,,,,,
,,,,,,,,,,,,,,,
,,,,,,,,,,,,,,,
,,,,,,,,,,,,,,,
,,,,,,,,,,,,,,,
,,,,,,,,,,,,,,,
,,,,,,,,,,,,,,,
,,,,,,,,,,,,,,,
,,,,,,,,,,,,,,,
,,,,,,,,,,,,,,,
,,,,,,,,,,,,,,,
,,,,,,,,,,,,,,,
,,,,,,,,,,,,,,,
,,,,,,,,,,,,,,,
,,,,,,,,,,,,,,,
,,,,,,,,,,,,,,,
,,,,,,,,,,,,,,,
,,,,,,,,,,,,,,,
,,,,,,,,,,,,,,,
,,,,,,,,,,,,,,,
,,,,,,,,,,,,,,,
,,,,,,,,,,,,,,,
,,,,,,,,,,,,,,,
,,,,,,,,,,,,,,,
,,,,,,,,,,,,,,,
,,,,,,,,,,,,,,,
,,,,,,,,,,,,,,,
,,,,,,,,,,,,,,,
,,,,,,,,,,,,,,,
,,,,,,,,,,,,,,,
,,,,,,,,,,,,,,,
,,,,,,,,,,,,,,,
,,,,,,,,,,,,,,,
,,,,,,,,,,,,,,,
,,,,,,,,,,,,,,,
,,,,,,,,,,,,,,,
,,,,,,,,,,,,,,,
,,,,,,,,,,,,,,,
,,,,,,,,,,,,,,,
,,,,,,,,,,,,,,,
,,,,,,,,,,,,,,,
,,,,,,,,,,,,,,,
,,,,,,,,,,,,,,,
,,,,,,,,,,,,,,,
,,,,,,,,,,,,,,,
,,,,,,,,,,,,,,,
,,,,,,,,,,,,,,,
,,,,,,,,,,,,,,,
,,,,,,,,,,,,,,,
,,,,,,,,,,,,,,,
,,,,,,,,,,,,,,,
,,,,,,,,,,,,,,,
,,,,,,,,,,,,,,,
,,,,,,,,,,,,,,,
,,,,,,,,,,,,,,,
,,,,,,,,,,,,,,,
,,,,,,,,,,,,,,,
,,,,,,,,,,,,,,,
,,,,,,,,,,,,,,,
,,,,,,,,,,,,,,,
,,,,,,,,,,,,,,,
,,,,,,,,,,,,,,,
,,,,,,,,,,,,,,,
,,,,,,,,,,,,,,,
,,,,,,,,,,,,,,,
,,,,,,,,,,,,,,,
,,,,,,,,,,,,,,,
,,,,,,,,,,,,,,,
,,,,,,,,,,,,,,,
,,,,,,,,,,,,,,,
,,,,,,,,,,,,,,,
,,,,,,,,,,,,,,,
,,,,,,,,,,,,,,,
,,,,,,,,,,,,,,,
,,,,,,,,,,,,,,,
,,,,,,,,,,,,,,,
,,,,,,,,,,,,,,,
,,,,,,,,,,,,,,,
,,,,,,,,,,,,,,,
,,,,,,,,,,,,,,,
,,,,,,,,,,,,,,,
,,,,,,,,,,,,,,,
,,,,,,,,,,,,,,,
,,,,,,,,,,,,,,,
,,,,,,,,,,,,,,,
,,,,,,,,,,,,,,,
,,,,,,,,,,,,,,,
,,,,,,,,,,,,,,,
,,,,,,,,,,,,,,,
,,,,,,,,,,,,,,,
,,,,,,,,,,,,,,,
,,,,,,,,,,,,,,,
,,,,,,,,,,,,,,,
,,,,,,,,,,,,,,,
,,,,,,,,,,,,,,,
,,,,,,,,,,,,,,,
,,,,,,,,,,,,,,,
,,,,,,,,,,,,,,,
,,,,,,,,,,,,,,,
,,,,,,,,,,,,,,,
,,,,,,,,,,,,,,,
,,,,,,,,,,,,,,,
,,,,,,,,,,,,,,,
,,,,,,,,,,,,,,,
,,,,,,,,,,,,,,,
,,,,,,,,,,,,,,,
,,,,,,,,,,,,,,,
,,,,,,,,,,,,,,,
,,,,,,,,,,,,,,,
,,,,,,,,,,,,,,,
,,,,,,,,,,,,,,,
,,,,,,,,,,,,,,,
,,,,,,,,,,,,,,,
,,,,,,,,,,,,,,,
,,,,,,,,,,,,,,,
,,,,,,,,,,,,,,,
,,,,,,,,,,,,,,,
,,,,,,,,,,,,,,,
,,,,,,,,,,,,,,,
,,,,,,,,,,,,,,,
,,,,,,,,,,,,,,,
,,,,,,,,,,,,,,,
,,,,,,,,,,,,,,,
,,,,,,,,,,,,,,,
,,,,,,,,,,,,,,,
,,,,,,,,,,,,,,,
,,,,,,,,,,,,,,,
,,,,,,,,,,,,,,,
,,,,,,,,,,,,,,,
,,,,,,,,,,,,,,,
,,,,,,,,,,,,,,,
,,,,,,,,,,,,,,,
,,,,,,,,,,,,,,,
,,,,,,,,,,,,,,,
,,,,,,,,,,,,,,,
,,,,,,,,,,,,,,,
,,,,,,,,,,,,,,,
,,,,,,,,,,,,,,,
,,,,,,,,,,,,,,,
,,,,,,,,,,,,,,,
,,,,,,,,,,,,,,,
,,,,,,,,,,,,,,,
,,,,,,,,,,,,,,,
,,,,,,,,,,,,,,,
,,,,,,,,,,,,,,,
,,,,,,,,,,,,,,,
,,,,,,,,,,,,,,,
,,,,,,,,,,,,,,,
,,,,,,,,,,,,,,,
,,,,,,,,,,,,,,,
,,,,,,,,,,,,,,,
,,,,,,,,,,,,,,,
,,,,,,,,,,,,,,,
,,,,,,,,,,,,,,,
,,,,,,,,,,,,,,,
,,,,,,,,,,,,,,,
,,,,,,,,,,,,,,,
,,,,,,,,,,,,,,,
